Family,ID,Sex,Treatment,Weight,Size,Eclosion,LastObserved,Death/Removal,Censored,Notes,Lifespan,1st.Trial,1st.Chamber,1st.StartTime,1st.Session,1st.Comments,2nd.Trial,2nd.Chamber,2nd.StartTime,2nd.Session,2nd.Comments,3rd.Trial,3rd.Chamber,3rd.StartTime,3rd.Session,3rd.Comments,Activity,Block
xBF,8,F,A,,4.263333333,02/06/2022,,12/06/2022,0,,10,12/06/2022,C,09:20,54,,,,,,,,,,,,Flight,G
xF,5,F,A,0.0994,4.166666667,28/02/2022,21/08/2022,24/08/2022,1,,177,,,,,,,,,,,,,,,,Waiting,B
xI,12,M,B,0.1968,5.44,06/03/2022,21/08/2022,24/08/2022,1,,171,17/03/2022,C,09:11,16,,07/05/2022,G,13:24,120,,08/06/2022,F,14:49,209,,Flight,C
xBK,8,F,B,,4.306666667,03/06/2022,15/11/2022,20/11/2022,1,,170,,,,,,,,,,,,,,,,Waiting,G
xD,10,F,A,0.105,4.21,28/02/2022,13/08/2022,16/08/2022,1,,169,,,,,,,,,,,,,,,,Waiting,B
D1AB,7,F,B,0.1843,4.986666667,21/02/2022,27/07/2022,31/07/2022,1,,160,12/03/2022,E,08:38,10,,27/04/2022,G,12:00,105,,,,,,,Flight,A
D1AA,5,M,B,0.1285,4.92,21/02/2022,27/07/2022,31/07/2022,1,,160,05/03/2022,C,12:15,1,,27/04/2022,D,12:00,105,,,,,,,Flight,A
xM,14,M,B,0.2281,5.43,06/03/2022,09/08/2022,13/08/2022,1,,160,,,,,,,,,,,,,,,,Waiting,C
xE,5,M,B,0.2601,5.733333333,28/02/2022,02/08/2022,06/08/2022,1,,159,16/03/2022,E,10:11,15,,03/05/2022,G,,112,,03/06/2022,C,13:01,204,,Flight,B
xG,3,F,B,0.1944,4.936666667,28/02/2022,02/08/2022,06/08/2022,1,,159,13/03/2022,B,14:09,13,,30/04/2022,D,16:05,109,DAMAGED ELYTRA,02/06/2022,F,,202,,Flight,B
xT,10,F,A,,3.896666667,09/03/2022,09/08/2022,13/08/2022,1,MALFORMED,157,,,,,,,,,,,,,,,,Waiting,D
D1AA,1,M,A,0.0953,4.216666667,18/02/2022,20/07/2022,24/07/2022,1,,156,05/03/2022,B,12:15,1,,27/04/2022,E,12:00,105,,,,,,,Flight,A
xG,6,F,A,0.0845,3.906666667,28/02/2022,31/07/2022,02/08/2022,1,,155,20/03/2022,B,12:56,23,,04/05/2022,F,09:47,114,,02/06/2022,C,,202,,Flight,B
xF,10,F,B,0.1632,4.92,28/02/2022,31/07/2022,02/08/2022,1,,155,,,,,,,,,,,,,,,,Waiting,B
xB,3,M,B,0.2131,5.506666667,28/02/2022,27/07/2022,31/07/2022,1,,153,17/03/2022,F,14:48,17,,01/05/2022,E,10:09,110,,03/06/2022,D,08:42,203,,Flight,B
xG,7,M,B,0.2055,5.4,02/03/2022,31/07/2022,02/08/2022,1,,153,15/03/2022,D,14:00,14,,04/05/2022,D,09:47,114,,01/06/2022,G,,201,,Flight,C
xE,11,M,A,0.0823,4.223333333,28/02/2022,27/07/2022,31/07/2022,1,,153,13/03/2022,G,14:09,13,,03/05/2022,C,15:22,113,,02/06/2022,A,,202,,Flight,B
D1AE,6,F,A,0.1813,4.976666667,18/02/2022,17/07/2022,20/07/2022,1,,152,07/03/2022,A,12:53,4,,20/04/2022,C,10:30,101,,,,,,,Flight,A
xAE,14,F,A,,5.08,15/03/2022,09/08/2022,13/08/2022,1,,151,02/04/2022,A,09:30,44,,20/05/2022,B,12:53,132,,16/06/2022,A,10:30,213,,Flight,E
xAD,7,M,B,,5.56,15/03/2022,09/08/2022,13/08/2022,1,,151,31/03/2022,G,16:11,41,,14/05/2022,E,14:20,128,,,,,,,Flight,E
xM,10,F,B,0.2203,5.57,06/03/2022,31/07/2022,02/08/2022,1,,149,26/03/2022,F,13:36,34,STUCK,10/05/2022,D,11:12,122,,10/06/2022,B,10:43,211,,Flight,C
xO,2,F,A,0.0751,4.023333333,06/03/2022,31/07/2022,02/08/2022,1,,149,24/03/2022,C,09:15,29,,06/05/2022,E,14:25,118,,10/06/2022,D,10:43,211,,Flight,C
xF,4,F,A,0.1068,4.096666667,28/02/2022,24/07/2022,27/07/2022,1,,149,19/03/2022,G,13:50,21,,01/05/2022,C,10:09,110,,02/06/2022,B,,202,,Flight,B
xE,14,F,A,0.1143,4.683333333,28/02/2022,20/07/2022,24/07/2022,1,,146,15/03/2022,C,14:00,14,,03/05/2022,F,15:22,113,,07/06/2022,B,15:10,207,,Flight,B
xAK,12,F,B,,5.34,27/03/2022,16/08/2022,20/08/2022,1,,146,,,,,,,,,,,,,,,,Waiting,F
xAF,8,F,B,,5.193333333,17/03/2022,06/08/2022,09/08/2022,1,,145,30/03/2022,F,08:50,37b,,19/05/2022,F,09:33,131,,,,,,,Flight,E
xQ,3,M,B,,5.586666667,09/03/2022,27/07/2022,31/07/2022,1,,144,,,,,,,,,,,,,,,,Waiting,D
xK,16,F,B,0.2116,5.29,06/03/2022,24/07/2022,27/07/2022,1,,143,,,,,,,,,,,,,,,,Waiting,C
xAH,14,M,B,,5.296666667,27/03/2022,13/08/2022,16/08/2022,1,,142,08/04/2022,B,09:40,51,,27/05/2022,A,12:44,136,,28/06/2022,C,09:48,216,,Flight,F
xB,4,F,B,0.2306,5.62,28/02/2022,17/07/2022,20/07/2022,1,,142,17/03/2022,G,14:48,17,,01/05/2022,D,10:09,110,,03/06/2022,G,08:42,203,,Flight,B
xG,4,F,B,0.1986,5.07,28/02/2022,17/07/2022,20/07/2022,1,,142,13/03/2022,F,14:09,13,,30/04/2022,A,16:05,109,INJURED WINGS,31/05/2022,E,,200,,Flight,B
xB,10,M,A,0.1798,5.11,28/02/2022,17/07/2022,20/07/2022,1,,142,13/03/2022,D,09:48,12,,04/05/2022,E,09:47,114,,01/06/2022,E,,201,,Flight,B
xAI,5,F,A,,4.05,25/03/2022,09/08/2022,13/08/2022,1,,141,07/04/2022,E,09:43,50,,31/05/2022,A,,139,,28/06/2022,A,09:48,216,,Flight,F
xJ,2,M,A,0.1372,4.456666667,06/03/2022,20/07/2022,24/07/2022,1,,140,25/03/2022,G,14:44,32,,06/05/2022,A,14:25,118,INJURED WINGS,10/06/2022,E,10:43,211,,Flight,C
xM,13,M,B,0.2243,5.243333333,06/03/2022,20/07/2022,24/07/2022,1,,140,,,,,,,,,,,,,,,,Waiting,C
xB,5,M,B,0.2251,5.726666667,28/02/2022,13/07/2022,17/07/2022,1,,139,17/03/2022,A,09:11,16,,01/05/2022,B,15:10,111,,03/06/2022,A,08:42,203,,Flight,B
xG,2,M,B,0.1845,5.086666667,28/02/2022,13/07/2022,17/07/2022,1,,139,13/03/2022,C,14:09,13,,30/04/2022,D,10:30,108,,02/06/2022,E,,202,,Flight,B
xA,12,M,A,0.1835,5.196666667,28/02/2022,13/07/2022,17/07/2022,1,,139,,,,,,,,,,,,,,,,Waiting,B
xBA,4,M,A,,4.296666667,02/06/2022,15/10/2022,18/10/2022,1,,138,20/06/2022,A,10:00,63,,02/08/2022,D,14:32,151,,31/08/2022,G,13:41,220,,Flight,G
xBK,14,M,A,,5.16,02/06/2022,15/10/2022,18/10/2022,1,,138,19/06/2022,E,14:45,62,,03/08/2022,C,08:34,152,,01/09/2022,C,13:24,222,,Flight,G
xAA,6,F,B,,5.34,15/03/2022,27/07/2022,31/07/2022,1,,138,01/04/2022,E,13:30,43,,21/05/2022,D,11:44,133,,16/06/2022,C,15:00,214,,Flight,E
xW,2,F,A,,4.94,15/03/2022,27/07/2022,31/07/2022,1,,138,30/03/2022,G,13:21,39,SHORT,14/05/2022,C,14:20,128,,16/06/2022,A,15:00,214,,Flight,E
xR,1,F,B,,5.106666667,09/03/2022,20/07/2022,24/07/2022,1,,137,,,,,,,,,,,,,,,,Waiting,D
xN,2,F,B,0.2786,5.42,06/03/2022,17/07/2022,20/07/2022,1,,136,24/03/2022,A,14:16,30,,10/05/2022,A,15:50,123,,08/06/2022,C,10:09,208,,Flight,C
xN,14,M,A,0.1521,4.596666667,06/03/2022,17/07/2022,20/07/2022,1,,136,24/03/2022,G,14:16,30,,06/05/2022,E,09:47,117,,04/06/2022,F,10:16,205,,Flight,C
xJ,4,M,A,0.1141,4.463333333,06/03/2022,17/07/2022,20/07/2022,1,,136,22/03/2022,E,13:25,26,,07/05/2022,A,13:24,120,,09/06/2022,A,11:29,210,,Flight,C
xK,2,M,A,0.1429,4.573333333,06/03/2022,17/07/2022,20/07/2022,1,,136,,,,,,,,,,,,,,,,Waiting,C
xAK,14,F,B,,5.386666667,27/03/2022,06/08/2022,09/08/2022,1,,135,06/04/2022,A,09:40,49,,26/05/2022,A,09:43,135,,24/06/2022,B,11:23,215,,Flight,F
xAJ,10,F,B,,5.386666667,27/03/2022,06/08/2022,09/08/2022,1,,135,05/04/2022,D,11:55,46b,,26/05/2022,F,09:43,135,,24/06/2022,A,11:23,215,,Flight,F
xD,7,M,B,0.2414,5.656666667,28/02/2022,09/07/2022,13/07/2022,1,,135,19/03/2022,E,13:50,21,,03/05/2022,B,15:22,113,,03/06/2022,B,13:01,204,,Flight,B
xD,2,F,B,0.1601,5.036666667,28/02/2022,09/07/2022,13/07/2022,1,,135,,,,,,,,,,,,,,,,Waiting,B
xC,2,F,A,0.113,4.693333333,28/02/2022,09/07/2022,13/07/2022,1,,135,,,,,,01/05/2022,A,10:09,110,,03/06/2022,C,08:42,203,,Flight,B
xV,5,F,A,,4.653333333,15/03/2022,24/07/2022,27/07/2022,1,,134,27/03/2022,F,08:44,35,,20/05/2022,D,12:53,132,,,,,,,Flight,E
xV,14,F,B,,5.623333333,15/03/2022,24/07/2022,27/07/2022,1,,134,,,,,,,,,,,,,,,,Waiting,E
xM,3,F,A,0.1039,4.06,06/03/2022,13/07/2022,17/07/2022,1,,133,24/03/2022,E,09:15,29,,08/05/2022,C,13:00,121,,08/06/2022,G ,14:49,209,,Flight,C
xN,17,F,A,0.1129,3.953333333,06/03/2022,13/07/2022,17/07/2022,1,,133,22/03/2022,D,13:25,26,,07/05/2022,G,08:37,119,,09/06/2022,C,11:29,210,,Flight,C
xN,3,M,B,0.2765,5.436666667,06/03/2022,13/07/2022,17/07/2022,1,,133,22/03/2022,G,09:04,24,,11/05/2022,D,09:10,124,,09/06/2022,G,11:29,210,,Flight,C
xI,13,M,B,0.2226,5.486666667,06/03/2022,13/07/2022,17/07/2022,1,,133,17/03/2022,D,09:11,16,,05/05/2022,A,12:47,116,,04/06/2022,E,10:16,205,,Flight,C
xK,15,M,B,0.254,5.496666667,06/03/2022,13/07/2022,17/07/2022,1,,133,,,,,,,,,,,,,,,,Waiting,C
xK,12,F,B,0.2143,5.46,06/03/2022,13/07/2022,17/07/2022,1,,133,,,,,,,,,,,,,,,,Waiting,C
D1AE,13,M,B,0.2695,5.933333333,21/02/2022,29/06/2022,03/07/2022,1,,132,09/03/2022,D,13:25,6,,23/04/2022,C,11:47,102,,,,,,,Flight,A
D1AD,2,F,A,0.1078,4.27,18/02/2022,26/06/2022,29/06/2022,1,,131,10/03/2022,A ,09:25,6B,,20/04/2022,E,10:30,101,,,,,,,Flight,A
xA,2,M,B,0.2615,5.693333333,28/02/2022,06/07/2022,09/07/2022,1,,131,19/03/2022,G,09:17,20,,30/04/2022,A,10:30,108,,02/06/2022,D,,202,,Flight,B
xBI,16,F,B,,5.266666667,03/06/2022,08/10/2022,11/10/2022,1,,130,22/06/2022,B,16:55,69,,03/08/2022,B,12:53,153,,01/09/2022,D,13:24,222,,Flight,G
xR,10,F,A,,4.78,09/03/2022,13/07/2022,17/07/2022,1,,130,29/03/2022,B,14:15,37,,10/05/2022,B,11:12,122,,08/06/2022,B,10:09,208,,Flight,D
xW,6,M,B,,5.776666667,17/03/2022,20/07/2022,24/07/2022,1,,129,01/04/2022,F,08:50,42,,21/05/2022,B,11:44,133,,16/06/2022,B,15:00,214,,Flight,E
xM,11,M,B,0.2029,5.226666667,06/03/2022,09/07/2022,13/07/2022,1,,129,26/03/2022,C,13:36,34,,06/05/2022,D,09:47,117,,04/06/2022,G,10:16,205,,Flight,C
xL,4,F,B,0.1633,4.75,06/03/2022,09/07/2022,13/07/2022,1,,129,25/03/2022,E,10:20,31,,06/05/2022,B,09:47,117,,11/06/2022,D,13:53,212,,Flight,C
xI,8,F,B,0.1803,5.143333333,06/03/2022,09/07/2022,13/07/2022,1,,129,18/03/2022,D,09:12,18,,06/05/2022,C,14:25,118,,09/06/2022,F,11:29,210,,Flight,C
xI,6,F,A,0.1165,4.476666667,06/03/2022,09/07/2022,13/07/2022,1,,129,17/03/2022,B,14:48,17,,10/05/2022,E,15:50,123,,04/06/2022,B,14:54,206,,Flight,C
xK,1,M,A,0.1174,4.34,06/03/2022,09/07/2022,13/07/2022,1,,129,,,,,,,,,,,,,,,,Waiting,C
xAX,1,M,A,,4.003333333,02/06/2022,04/10/2022,08/10/2022,1,,128,12/06/2022,C,13:57,55,,10/08/2022,D,13:38,156,,31/08/2022,B,13:41,220,,Flight,G
xD,5,M,B,0.2221,5.5,28/02/2022,03/07/2022,06/07/2022,1,,128,18/03/2022,F,09:12,18,,29/04/2022,B,14:37,107,,03/06/2022,D,13:01,204,,Flight,B
xV,11,M,B,,5.423333333,15/03/2022,17/07/2022,20/07/2022,1,,127,03/04/2022,F,10:16,46,,17/05/2022,A,,129,SHORT,,,,,,Flight,E
xAD,5,F,A,,4.816666667,15/03/2022,17/07/2022,20/07/2022,1,,127,,,,,,,,,,,,,,,,Waiting,E
xQ,10,F,A,,4.883333333,09/03/2022,09/07/2022,13/07/2022,1,,126,29/03/2022,A,14:15,37,,11/05/2022,A,09:10,124,,08/06/2022,A,14:49,209,,Flight,D
xAI,15,F,B,,5.183333333,27/03/2022,27/07/2022,31/07/2022,1,,126,,,,,,,,,,,,,,,,Waiting,F
xP,13,F,A,0.1041,3.77,06/03/2022,06/07/2022,09/07/2022,1,,125,26/03/2022,C,09:02,33,,06/05/2022,C,09:47,117,,11/06/2022,C,13:53,212,,Flight,C
xM,2,M,A,0.0808,3.846666667,06/03/2022,06/07/2022,09/07/2022,1,,125,24/03/2022,F,09:15,29,,07/05/2022,D,13:24,120,,04/06/2022,E,14:54,206,,Flight,C
xH,4,M,A,0.0822,4.123333333,28/02/2022,29/06/2022,03/07/2022,1,,125,15/03/2022,E,14:00,14,,03/05/2022,A,15:22,113,,01/06/2022,D,,201,,Flight,B
D1AD,18,F,B,0.1987,5.26,21/02/2022,22/06/2022,26/06/2022,1,,125,09/03/2022,F,13:25,6,,26/04/2022,G,10:00,104,,,,,,,Flight,A
xN,9,M,B,0.2572,5.45,06/03/2022,06/07/2022,09/07/2022,1,,125,,,,,,,,,,,,,,,,Waiting,C
xK,17,M,B,0.2516,5.366666667,06/03/2022,06/07/2022,09/07/2022,1,,125,,,,,,,,,,,,,,,,Waiting,C
xF,9,M,B,0.1602,4.826666667,28/02/2022,29/06/2022,03/07/2022,1,,125,,,,,,,,,,,,,,,,Waiting,B
xAA,1,F,A,,4.426666667,15/03/2022,13/07/2022,17/07/2022,1,,124,30/03/2022,D,13:21,39,SHORT,14/05/2022,F,14:20,128,,16/06/2022,G,15:00,214,,Flight,E
xAE,17,F,A,,4.88,15/03/2022,13/07/2022,17/07/2022,1,,124,30/03/2022,B,08:50,37b,,20/05/2022,A,12:53,132,,16/06/2022,E,15:00,214,,Flight,E
xX,6,F,A,,5.013333333,15/03/2022,13/07/2022,17/07/2022,1,,124,29/03/2022,A,09:30,36,,19/05/2022,C,09:33,131,,16/06/2022,E,10:30,213,,Flight,E
D1AB,5,F,A,0.1097,4.156666667,18/02/2022,19/06/2022,22/06/2022,1,,124,12/03/2022,G,08:38,10,,20/04/2022,D,10:30,101,INJURED,,,,,,Flight,A
xAG,7,M,A,,4.366666667,25/03/2022,24/07/2022,27/07/2022,1,,124,,,,,,,,,,,,,,,,Waiting,F
xBG,10,M,B,,5.78,03/06/2022,01/10/2022,04/10/2022,1,,123,22/06/2022,B,12:11,68,,02/08/2022,B,14:32,151,,01/09/2022,F,08:38,221,,Flight,G
xBE,12,F,A,,3.723333333,03/06/2022,01/10/2022,04/10/2022,1,,123,15/06/2022,E,09:53,57,,02/08/2022,F,14:32,151,,01/09/2022,C,08:38,221,,Flight,G
xAK,15,M,B,,5.356666667,27/03/2022,24/07/2022,27/07/2022,1,,122,08/04/2022,C,14:28,52,,28/05/2022,G,10:24,137,,24/06/2022,F,11:23,215,,Flight,F
xJ,10,M,B,0.2432,5.333333333,06/03/2022,03/07/2022,06/07/2022,1,,122,25/03/2022,C,14:44,32,,06/05/2022,F,09:47,117,,11/06/2022,B,13:53,212,,Flight,C
xL,1,M,B,0.1747,5.02,06/03/2022,03/07/2022,06/07/2022,1,,122,25/03/2022,C,10:20,31,,10/05/2022,G,15:50,123,,04/06/2022,D,14:54,206,,Flight,C
xT,8,M,B,,5.083333333,09/03/2022,06/07/2022,09/07/2022,1,,122,23/03/2022,C,08:47,27,,13/05/2022,C,09:54,126,,08/06/2022,G,10:09,208,,Flight,D
xK,3,F,A,0.1159,4.196666667,06/03/2022,03/07/2022,06/07/2022,1,,122,,,,,,,,,,,,,,,,Waiting,C
D1AE,16,F,B,0.2584,5.676666667,21/02/2022,19/06/2022,22/06/2022,1,,121,10/03/2022,F,14:05,7,,23/04/2022,A,11:47,102,,,,,,,Flight,A
xAJ,2,F,A,,4.29,25/03/2022,20/07/2022,24/07/2022,1,,121,,,,,,,,,,,,,,,,Waiting,F
xBD,6,F,B,,4.963333333,03/06/2022,27/09/2022,01/10/2022,1,,120,21/06/2022,D,16:25,66,,04/08/2022,C,08:30,154,,01/09/2022,B,08:38,221,,Flight,G
xAE,4,F,B,,4.803333333,15/03/2022,09/07/2022,13/07/2022,1,,120,02/04/2022,D,14:05,45,,18/05/2022,D,09:01,130,,16/06/2022,D,10:30,213,,Flight,E
xAC,15,F,A,,4.883333333,15/03/2022,09/07/2022,13/07/2022,1,,120,,,,,,,,,,,,,,,,Waiting,E
xBK,6,F,B,,3.993333333,03/06/2022,27/09/2022,01/10/2022,1,,120,,,,,,,,,,,,,,,,Waiting,G
xAG,9,F,B,,5.74,27/03/2022,20/07/2022,24/07/2022,1,,119,08/04/2022,E,14:28,52,,31/05/2022,B,,139,,24/06/2022,D,11:23,215,,Flight,F
xN,7,M,B,0.2555,5.533333333,06/03/2022,29/06/2022,03/07/2022,1,,119,24/03/2022,G,09:15,29,,11/05/2022,B,09:10,124,,07/06/2022,C,15:10,207,,Flight,C
xM,5,F,A,0.1184,4.09,06/03/2022,29/06/2022,03/07/2022,1,,119,19/03/2022,B,09:17,20,,12/05/2022,B,09:29,125,,08/06/2022,F,10:09,208,,Flight,C
xI,7,M,A,0.0833,4.123333333,06/03/2022,29/06/2022,03/07/2022,1,,119,17/03/2022,C,14:48,17,,13/05/2022,A,09:54,126,,04/06/2022,C,14:54,206,,Flight,C
xQ,12,M,A,,4.086666667,09/03/2022,03/07/2022,06/07/2022,1,,119,,,,,,,,,,,,,,,,Waiting,D
D1AD,7,F,B,0.2037,5.296666667,21/02/2022,11/06/2022,19/06/2022,1,,118,13/03/2022,A,09:48,12,,24/04/2022,A,11:20,103,,,,,,,Flight,A
xH,10,F,B,0.1521,4.763333333,28/02/2022,22/06/2022,26/06/2022,1,,118,12/03/2022,D,08:38,10,,30/04/2022,G,10:30,108,,03/06/2022,F,13:01,204,,Flight,B
D1AA,4,M,B,0.1174,4.663333333,21/02/2022,11/06/2022,19/06/2022,1,,118,05/03/2022,C,16:40,2,,24/04/2022,F,11:20,103,,,,,,,Flight,A
xAX,4,M,A,,4.003333333,02/06/2022,23/09/2022,27/09/2022,1,,117,15/06/2022,G,15:35,58,,10/08/2022,B,13:38,156,,31/08/2022,C,13:41,220,,Flight,G
xV,7,F,A,,4.79,15/03/2022,06/07/2022,09/07/2022,1,,116,27/03/2022,D,08:44,35,,20/05/2022,C,12:53,132,,16/06/2022,B,10:30,213,,Flight,E
xAG,12,M,B,,5.78,27/03/2022,17/07/2022,20/07/2022,1,,115,08/04/2022,D,14:28,52,,26/05/2022,D,09:43,135,,28/06/2022,E,09:48,216,,Flight,F
xD,11,M,A,0.0978,4.55,28/02/2022,19/06/2022,22/06/2022,1,,114,19/03/2022,F,13:50,21,,01/05/2022,G,10:09,110,,01/06/2022,C,,201,,Flight,B
xA,15,M,A,0.1302,4.74,28/02/2022,19/06/2022,22/06/2022,1,,114,19/03/2022,D,09:17,20,,03/05/2022,G,15:22,113,,07/06/2022,A,15:10,207,,Flight,B
xE,4,M,B,0.2525,5.756666667,28/02/2022,19/06/2022,22/06/2022,1,,114,16/03/2022,C,10:11,15,,03/05/2022,F,,112,,03/06/2022,E,08:42,203,,Flight,B
xE,7,M,B,0.2235,5.516666667,28/02/2022,19/06/2022,22/06/2022,1,,114,16/03/2022,G,10:11,15,,03/05/2022,D,15:22,113,,02/06/2022,G,,202,,Flight,B
xB,12,M,A,0.1182,4.33,28/02/2022,19/06/2022,22/06/2022,1,,114,13/03/2022,F,09:48,12,,03/05/2022,C,,112,INJURED WINGS,03/06/2022,F,08:42,203,,Flight,B
xA,1,M,B,0.2573,5.616666667,28/02/2022,19/06/2022,22/06/2022,1,,114,,,,,,,,,,,,,,,,Waiting,B
xH,9,M,B,0.1538,5.223333333,28/02/2022,19/06/2022,22/06/2022,1,,114,,,,,,03/05/2022,A,,112,,01/06/2022,B,,201,,Flight,B
xJ,7,F,B,0.2161,5.52,06/03/2022,22/06/2022,26/06/2022,1,,112,25/03/2022,D,14:44,32,,07/05/2022,A,08:37,119,,08/06/2022,C,14:49,209,,Flight,C
xJ,1,M,A,0.1155,4.233333333,06/03/2022,22/06/2022,26/06/2022,1,,112,25/03/2022,F,14:44,32,,06/05/2022,B,14:25,118,,10/06/2022,C,10:43,211,,Flight,C
xO,9,M,B,0.1413,5.016666667,06/03/2022,22/06/2022,26/06/2022,1,,112,16/03/2022,B,10:11,15,,05/05/2022,B,12:47,116,,04/06/2022,D,10:16,205,,Flight,C
xN,15,F,A,0.1321,4.213333333,06/03/2022,22/06/2022,26/06/2022,1,,112,,,,,,,,,,,,,,,,Waiting,C
xE,8,M,A,0.0934,4.246666667,28/02/2022,11/06/2022,19/06/2022,1,,111,15/03/2022,G,14:00,14,,01/05/2022,D,15:10,111,,03/06/2022,B,08:42,203,,Flight,B
xA,5,M,B,0.2121,5.54,28/02/2022,11/06/2022,19/06/2022,1,,111,,,,,,,,,,,,,,,,Waiting,B
xD,15,M,A,0.0989,4.55,28/02/2022,11/06/2022,19/06/2022,1,,111,,,,,,,,,,,,,,,,Waiting,B
xA,9,F,A,0.094,4.26,28/02/2022,11/06/2022,19/06/2022,1,,111,,,,,,,,,,,,,,,,Waiting,B
xBD,2,F,A,,4.036666667,02/06/2022,17/09/2022,20/09/2022,1,,110,21/06/2022,F,07:25,64,,11/08/2022,A,10:03,157,,31/08/2022,D,13:41,220,,Flight,G
xBK,11,M,A,,5.383333333,02/06/2022,17/09/2022,20/09/2022,1,,110,19/06/2022,D,14:45,62,,03/08/2022,A,12:53,153,,01/09/2022,B,13:24,222,,Flight,G
xBI,8,M,A,,4.386666667,02/06/2022,17/09/2022,20/09/2022,1,,110,12/06/2022,C,09:20,54,,02/08/2022,F,09:50,150,,01/09/2022,A,08:38,221,,Flight,G
xAG,4,F,A,,4.303333333,25/03/2022,09/07/2022,13/07/2022,1,,110,09/04/2022,F,12:50,53,,24/05/2022,C,13:00,134,,28/06/2022,D,09:48,216,,Flight,F
xAK,2,F,A,,4.03,25/03/2022,09/07/2022,13/07/2022,1,,110,05/04/2022,F,11:55,46b,,31/05/2022,C,,139,,24/06/2022,E,11:23,215,,Flight,F
D1AD,6,M,B,0.2247,5.753333333,21/02/2022,08/06/2022,11/06/2022,1,,110,13/03/2022,B,09:48,12,,23/04/2022,F,11:47,102,,,,,,,Flight,A
D1AD,8,M,B,0.1785,5.33,21/02/2022,08/06/2022,11/06/2022,1,,110,07/03/2022,B,12:53,4,,24/04/2022,B,11:20,103,,,,,,,Flight,A
D1AB,4,F,A,0.0729,3.883333333,18/02/2022,04/06/2022,08/06/2022,0,,110,07/03/2022,B,08:30,3,,20/04/2022,B,10:30,101,,,,,,,Flight,A
xBH,11,F,B,,4.976666667,03/06/2022,17/09/2022,20/09/2022,1,,109,22/06/2022,D,12:11,68,,02/08/2022,C,14:32,151,,01/09/2022,D,08:38,221,,Flight,G
xAG,15,F,B,,5.476666667,27/03/2022,09/07/2022,13/07/2022,1,,108,09/04/2022,D,12:50,53,,27/05/2022,C,12:44,136,,28/06/2022,B,09:48,216,,Flight,F
xAH,15,F,B,,5.366666667,27/03/2022,09/07/2022,13/07/2022,1,,108,07/04/2022,G,09:43,50,,29/05/2022,E,10:44,138,,24/06/2022,C,11:23,215,,Flight,F
xP,14,M,A,0.1054,3.99,06/03/2022,19/06/2022,22/06/2022,1,,108,26/03/2022,B,13:36,34,,07/05/2022,E,08:37,119,,09/06/2022,B,11:29,210,,Flight,C
xJ,9,F,B,0.2778,5.42,06/03/2022,19/06/2022,22/06/2022,1,,108,25/03/2022,B,14:44,32,,06/05/2022,G,09:47,117,,11/06/2022,A,13:53,212,,Flight,C
xI,4,F,A,0.1084,4.466666667,06/03/2022,19/06/2022,22/06/2022,1,,108,25/03/2022,A,14:44,32,,11/05/2022,G,09:10,124,,08/06/2022,A,10:09,208,,Flight,C
xO,1,F,A,0.0777,4.22,06/03/2022,19/06/2022,22/06/2022,1,,108,22/03/2022,F,09:04,24,,06/05/2022,G,14:25,118,,04/06/2022,A,10:16,205,,Flight,C
xJ,5,M,A,0.1184,4.056666667,06/03/2022,19/06/2022,22/06/2022,1,,108,19/03/2022,A,09:17,20,,07/05/2022,B,13:24,120,,08/06/2022,D,14:49,209,,Flight,C
xBF,5,F,A,,4.153333333,02/06/2022,13/09/2022,17/09/2022,1,,107,18/06/2022,F,10:13,61,,02/08/2022,A,09:50,150,,31/08/2022,F,13:41,220,,Flight,G
xBB,3,M,A,,3.983333333,02/06/2022,13/09/2022,17/09/2022,1,,107,12/06/2022,E,13:57,55,,11/08/2022,E,10:03,157,,31/08/2022,A,13:41,220,,Flight,G
xAX,7,M,A,,4.376666667,02/06/2022,13/09/2022,17/09/2022,1,,107,,,,,,,,,,,,,,,,Waiting,G
xAD,2,F,A,,3.906666667,15/03/2022,26/06/2022,29/06/2022,1,,106,31/03/2022,E,11:30,40,,21/05/2022,E,11:44,133,,16/06/2022,D,15:00,214,,Flight,E
xE,2,M,B,0.259,5.823333333,28/02/2022,11/06/2022,14/06/2022,1,,106,20/03/2022,C,08:38,22,,30/04/2022,F,16:05,109,,01/06/2022,A,,201,,Flight,B
xF,3,F,A,0.082,4.043333333,28/02/2022,11/06/2022,14/06/2022,1,,106,17/03/2022,F,09:11,16,,29/04/2022,F,10:03,106,,03/06/2022,A,13:01,204,,Flight,B
D1AB,3,M,A,0.0757,4.003333333,18/02/2022,01/06/2022,04/06/2022,1,,106,07/03/2022,E,08:30,3,,23/04/2022,E,11:47,102,,,,,,,Flight,A
xM,9,M,B,0.2161,5.54,06/03/2022,11/06/2022,19/06/2022,1,,105,26/03/2022,E,13:36,34,,10/05/2022,C,15:50,123,,04/06/2022,A,14:54,206,,Flight,C
xM,12,M,B,0.1917,5.4,06/03/2022,11/06/2022,19/06/2022,1,,105,26/03/2022,D,13:36,34,,05/05/2022,F,12:47,116,,04/06/2022,B,10:16,205,,Flight,C
xN,13,F,A,0.1343,4.403333333,06/03/2022,11/06/2022,19/06/2022,1,,105,24/03/2022,F,14:16,30,,12/05/2022,C,09:29,125,,08/06/2022,E,10:09,208,,Flight,C
xM,4,M,A,0.1013,3.93,06/03/2022,11/06/2022,19/06/2022,1,,105,24/03/2022,D,09:15,29,,07/05/2022,F,08:37,119,,09/06/2022,D,11:29,210,,Flight,C
xP,10,M,A,0.1028,3.846666667,06/03/2022,11/06/2022,19/06/2022,1,,105,23/03/2022,F,13:25,28,,12/05/2022,D,09:29,125,,08/06/2022,D,10:09,208,,Flight,C
xL,3,M,B,0.1978,5.27,06/03/2022,11/06/2022,19/06/2022,1,,105,22/03/2022,C,13:25,26,,07/05/2022,B,08:37,119,,09/06/2022,E,11:29,210,,Flight,C
xT,3,M,B,,5.406666667,09/03/2022,19/06/2022,22/06/2022,1,,105,22/03/2022,A,09:04,24,,08/05/2022,E,13:00,121,,08/06/2022,B,14:49,209,,Flight,D
xJ,11,F,B,0.3193,5.64,06/03/2022,11/06/2022,19/06/2022,1,,105,,,,,,,,,,,,,,,,Waiting,C
xJ,8,M,B,0.2184,5.606666667,06/03/2022,11/06/2022,19/06/2022,1,,105,,,,,,,,,,,,,,,,Waiting,C
xK,13,M,B,0.27,5.606666667,06/03/2022,11/06/2022,19/06/2022,1,,105,,,,,,,,,,,,,,,,Waiting,C
xO,10,M,B,0.1856,5.563333333,06/03/2022,11/06/2022,19/06/2022,1,,105,,,,,,,,,,,,,,,,Waiting,C
xK,18,F,B,0.2703,5.503333333,06/03/2022,11/06/2022,19/06/2022,1,,105,,,,,,,,,,,,,,,,Waiting,C
xK,10,F,B,0.283,5.363333333,06/03/2022,11/06/2022,19/06/2022,1,,105,,,,,,,,,,,,,,,,Waiting,C
xK,11,M,B,0.246,5.346666667,06/03/2022,11/06/2022,19/06/2022,1,,105,,,,,,,,,,,,,,,,Waiting,C
xK,19,M,B,0.2297,5.26,06/03/2022,11/06/2022,19/06/2022,1,,105,,,,,,,,,,,08/06/2022,E,14:49,209,,Flight,C
xM,7,M,B,0.2332,5.153333333,06/03/2022,11/06/2022,19/06/2022,1,,105,,,,,,,,,,,,,,,,Waiting,C
xJ,12,M,B,0.1958,5.116666667,06/03/2022,11/06/2022,19/06/2022,1,,105,,,,,,,,,,,,,,,,Waiting,C
xN,16,M,A,0.1015,4.626666667,06/03/2022,11/06/2022,19/06/2022,1,,105,,,,,,,,,,,,,,,,Waiting,C
xK,7,M,A,0.1144,4.28,06/03/2022,11/06/2022,19/06/2022,1,,105,,,,,,,,,,,,,,,,Waiting,C
xAB,8,F,B,,5.333333333,17/03/2022,26/06/2022,29/06/2022,1,,104,01/04/2022,C,08:50,42,,17/05/2022,B,,129,SHORT + INJURED WINGS,16/06/2022,G,10:30,213,,Flight,E
xAE,3,M,B,,5.406666667,15/03/2022,22/06/2022,26/06/2022,1,,103,02/04/2022,C,14:05,45,,14/05/2022,E,08:50,127,,,,,,,Flight,E
xY,3,F,A,,5.096666667,15/03/2022,22/06/2022,26/06/2022,1,,103,31/03/2022,B,11:30,40,,18/05/2022,A,09:01,130,,16/06/2022,C,10:30,213,,Flight,E
xBF,2,M,A,,4.33,02/06/2022,10/09/2022,13/09/2022,1,,103,,,,,,,,,,,,,,,,Waiting,G
xAH,7,M,A,,3.956666667,25/03/2022,03/07/2022,06/07/2022,1,,103,,,,,,,,,,,,,,,,Waiting,F
xT,11,M,A,,3.8,09/03/2022,11/06/2022,19/06/2022,1,,102,29/03/2022,G,14:15,37,,11/05/2022,C,09:10,124,,07/06/2022,D,15:10,207,,Flight,D
xT,9,M,A,,4.046666667,09/03/2022,11/06/2022,19/06/2022,1,,102,23/03/2022,D,08:47,27,,11/05/2022,E,09:10,124,,07/06/2022,G,15:10,207,,Flight,D
xT,4,F,B,,5.043333333,09/03/2022,11/06/2022,19/06/2022,1,,102,22/03/2022,B,09:04,24,,08/05/2022,D,13:00,121,,07/06/2022,E,15:10,207,,Flight,D
xQ,5,M,B,,4.993333333,09/03/2022,11/06/2022,19/06/2022,1,,102,,,,,,,,,,,,,,,,Waiting,D
xAW,2,F,B,,5.546666667,02/06/2022,06/09/2022,10/09/2022,1,,100,12/06/2022,D,09:20,54,,06/08/2022,F,10:53,155,,31/08/2022,E,13:41,220,,Flight,G
xH,5,M,B,0.1471,5.083333333,28/02/2022,04/06/2022,08/06/2022,1,,100,12/03/2022,A,08:38,10,,04/05/2022,A,09:47,114,,01/06/2022,F,,201,,Flight,B
xB,14,M,A,0.1767,5.383333333,28/02/2022,04/06/2022,08/06/2022,1,,100,11/03/2022,F,14:30,9,,29/04/2022,A,14:37,107,,03/06/2022,E,13:01,204,,Flight,B
xAH,8,F,A,,4.03,25/03/2022,29/06/2022,03/07/2022,1,,100,,,,,,,,,,,,,,,,Waiting,F
xBG,12,M,B,,5.6,03/06/2022,06/09/2022,10/09/2022,1,,99,20/06/2022,F,10:00,63,,11/08/2022,G,10:03,157,,01/09/2022,E,08:38,221,,Flight,G
xY,1,M,B,,5.076666667,15/03/2022,19/06/2022,22/06/2022,1,,99,03/04/2022,D,10:16,46,,19/05/2022,B,09:33,131,,16/06/2022,F,15:00,214,,Flight,E
D1AC,2,F,A,0.1097,5.623333333,18/02/2022,24/05/2022,28/05/2022,1,,99,05/03/2022,D,16:40,2,,26/04/2022,F,10:00,104,,,,,,,Flight,A
xAD,12,F,B,,5.76,15/03/2022,19/06/2022,22/06/2022,1,,99,,,,,,,,,,,,,,,,Waiting,E
xAD,6,F,A,,4.963333333,15/03/2022,19/06/2022,22/06/2022,1,,99,,,,,,,,,,,,,,,,Waiting,E
xAJ,13,M,B,,5.406666667,27/03/2022,29/06/2022,03/07/2022,1,,98,,,,,,,,,,,,,,,,Waiting,F
xP,2,M,B,0.1832,4.723333333,06/03/2022,08/06/2022,11/06/2022,1,,97,26/03/2022,A,09:02,33,,06/05/2022,F,14:25,118,,10/06/2022,A,10:43,211,,Flight,C
xN,8,F,B,0.2744,5.483333333,06/03/2022,08/06/2022,11/06/2022,1,,97,24/03/2022,B,14:16,30,,05/05/2022,E,12:47,116,,04/06/2022,C,10:16,205,,Flight,C
xO,7,F,B,0.1592,5.126666667,06/03/2022,08/06/2022,11/06/2022,1,,97,,,,,,,,,,,,,,,,Waiting,C
xZ,6,F,A,,4.306666667,15/03/2022,11/06/2022,19/06/2022,1,,96,29/03/2022,F,09:30,36,,19/05/2022,E,09:33,131,,16/06/2022,F,10:30,213,,Flight,E
xB,6,F,B,0.2252,5.606666667,28/02/2022,01/06/2022,04/06/2022,1,,96,17/03/2022,D,14:48,17,,04/05/2022,C,15:47,115,,31/05/2022,B,,200,,Flight,B
xD,14,F,A,0.0991,4.576666667,28/02/2022,01/06/2022,04/06/2022,1,,96,17/03/2022,G,09:11,16,,04/05/2022,C,09:47,114,EXTENDED WINGS,31/05/2022,D,,200,,Flight,B
xF,6,F,B,0.1082,4.39,28/02/2022,01/06/2022,04/06/2022,1,,96,13/03/2022,G,09:48,12,,01/05/2022,F,15:10,111,,31/05/2022,G,,200,,Flight,B
xC,9,M,B,0.2991,5.986666667,28/02/2022,01/06/2022,04/06/2022,1,,96,11/03/2022,F,09:12,8,,01/05/2022,E,15:10,111,,31/05/2022,F,,200,,Flight,B
xF,11,M,B,0.1892,5.153333333,28/02/2022,01/06/2022,04/06/2022,1,MALFORMED,96,,,,,,,,,,,,,,,,Waiting,B
xBE,11,M,A,,4.263333333,03/06/2022,03/09/2022,06/09/2022,1,,95,15/06/2022,D,09:53,57,,04/08/2022,G,08:30,154,,01/09/2022,A,13:24,222,,Flight,G
xS,1,M,A,,3.91,09/03/2022,08/06/2022,11/06/2022,1,,94,20/03/2022,A,12:56,23,,10/05/2022,F,15:50,123,,07/06/2022,F,15:10,207,,Flight,D
xI,5,M,A,0.1202,4.59,06/03/2022,04/06/2022,08/06/2022,1,,94,17/03/2022,A,14:48,17,,11/05/2022,F,09:10,124,,04/06/2022,G,14:54,206,,Flight,C
xAF,11,M,B,,5.346666667,17/03/2022,11/06/2022,19/06/2022,1,,94,,,,,,,,,,,,,,,,Waiting,E
xE,13,F,A,0.097,4.44,28/02/2022,31/05/2022,01/06/2022,1,,93,15/03/2022,B,14:00,14,,,,,,,31/05/2022,C,,200,,Flight,B
xE,9,F,A,0.1172,4.44,28/02/2022,31/05/2022,01/06/2022,1,,93,13/03/2022,D,14:09,13,,29/04/2022,E,10:03,106,,,,,,,Flight,B
xG,5,F,A,0.1064,4.196666667,28/02/2022,28/05/2022,01/06/2022,1,,93,,,,,,,,,,,,,,,,Waiting,B
xB,13,F,A,0.1884,5.07,28/02/2022,28/05/2022,31/05/2022,1,,92,20/03/2022,D,12:56,23,,30/04/2022,E,16:05,109,,,,,,,Flight,B
xE,1,M,B,0.2413,5.613333333,28/02/2022,28/05/2022,31/05/2022,1,,92,15/03/2022,A,14:00,14,,30/04/2022,G,16:05,109,,,,,,,Flight,B
xT,7,M,B,,5.023333333,09/03/2022,04/06/2022,08/06/2022,1,,91,23/03/2022,A,08:47,27,,13/05/2022,D,09:54,126,,,,,,,Flight,D
xS,2,F,A,,4.226666667,09/03/2022,04/06/2022,08/06/2022,1,,91,,,,,,,,,,,,,,,,Waiting,D
xBE,14,M,A,,4.133333333,03/06/2022,30/08/2022,01/09/2022,1,,90,22/06/2022,G,12:11,68,,03/08/2022,A,08:34,152,,,,,,,Flight,G
xN,4,F,B,0.2742,5.473333333,06/03/2022,01/06/2022,04/06/2022,1,,90,19/03/2022,C,09:17,20,,13/05/2022,E,09:54,126,EXTENDED WINGS,04/06/2022,F,14:54,206,,Flight,C
xN,1,M,B,0.2754,5.363333333,06/03/2022,01/06/2022,04/06/2022,1,,90,,,,,,,,,,,,,,,,Waiting,C
xK,9,M,A,0.1324,4.416666667,06/03/2022,01/06/2022,04/06/2022,1,MALFORMED,90,,,,,,,,,,,,,,,,Waiting,C
xK,4,M,A,0.1262,4.25,06/03/2022,01/06/2022,04/06/2022,1,,90,,,,,,,,,,,,,,,,Waiting,C
xM,6,F,A,0.0933,3.9,06/03/2022,01/06/2022,04/06/2022,1,,90,,,,,,,,,,,,,,,,Waiting,C
xBC,6,F,A,,4.116666667,02/06/2022,27/08/2022,30/08/2022,1,,89,21/06/2022,B,11:49,65,,03/08/2022,F,12:53,153,,,,,,,Flight,G
xBG,3,M,A,,4.003333333,02/06/2022,27/08/2022,30/08/2022,1,,89,21/06/2022,C,11:49,65,,04/08/2022,F,08:30,154,,,,,,,Flight,G
xAI,3,F,A,,4.073333333,25/03/2022,19/06/2022,22/06/2022,1,,89,08/04/2022,G,14:28,52,,24/05/2022,E,13:00,134,,,,,,,Flight,F
xAK,4,F,A,,3.91,25/03/2022,19/06/2022,22/06/2022,1,,89,06/04/2022,B,09:40,49,,26/05/2022,A,09:43,135,,,,,,,Flight,F
xA,4,M,B,0.2137,5.593333333,28/02/2022,24/05/2022,28/05/2022,1,,89,20/03/2022,G,08:38,22,,30/04/2022,B,16:05,109,EXTENDED WINGS,,,,,,Flight,B
xD,12,F,A,0.0992,4.23,28/02/2022,24/05/2022,28/05/2022,1,,89,20/03/2022,F,08:38,22,,01/05/2022,F,10:09,110,,,,,,,Flight,B
xB,15,M,A,0.2102,5.62,28/02/2022,24/05/2022,28/05/2022,1,,89,11/03/2022,E,14:30,9,,30/04/2022,B,10:30,108,,,,,,,Flight,B
xAF,1,F,A,,4.866666667,15/03/2022,08/06/2022,11/06/2022,1,,88,01/04/2022,D,13:30,43,,21/05/2022,B,11:44,133,,,,,,,Flight,E
xAB,2,M,A,,5.11,15/03/2022,08/06/2022,11/06/2022,1,,88,31/03/2022,C,16:11,41,,14/05/2022,F,08:50,127,,,,,,,Flight,E
xP,7,F,B,0.1256,4.196666667,06/03/2022,28/05/2022,01/06/2022,1,,87,26/03/2022,B,09:02,33,,12/05/2022,E,09:29,125,,,,,,,Flight,C
xJ,3,F,A,0.1592,4.44,06/03/2022,28/05/2022,01/06/2022,1,,87,25/03/2022,E,14:44,32,,10/05/2022,E,11:12,122,,,,,,,Flight,C
xL,8,F,A,0.0938,4.096666667,06/03/2022,28/05/2022,01/06/2022,1,,87,25/03/2022,D,10:20,31,,07/05/2022,E,13:24,120,,,,,,,Flight,C
xI,1,M,A,0.1144,4.583333333,06/03/2022,28/05/2022,01/06/2022,1,,87,23/03/2022,E,08:47,27,,08/05/2022,B,13:00,121,,,,,,,Flight,C
xM,8,F,B,0.1814,5.223333333,06/03/2022,28/05/2022,01/06/2022,1,,87,,,,,,,,,,,,,,,,Waiting,C
xS,10,F,B,,5.186666667,09/03/2022,01/06/2022,04/06/2022,1,,87,,,,,,,,,,,,,,,,Waiting,D
xS,9,M,B,,4.633333333,09/03/2022,01/06/2022,04/06/2022,1,,87,,,,,,,,,,,,,,,,Waiting,D
xS,7,M,B,,4.203333333,09/03/2022,01/06/2022,04/06/2022,1,,87,,,,,,,,,,,,,,,,Waiting,D
xP,1,F,B,0.1232,4.13,06/03/2022,28/05/2022,01/06/2022,1,,87,,,,,,,,,,,,,,,,Waiting,C
xS,14,M,B,,4.123333333,09/03/2022,01/06/2022,04/06/2022,1,,87,,,,,,,,,,,,,,,,Waiting,D
xP,12,M,A,0.0621,3.416666667,06/03/2022,28/05/2022,01/06/2022,1,MALFORMED,87,,,,,,,,,,,,,,,,Waiting,C
xAX,8,M,A,,4.196666667,02/06/2022,24/08/2022,27/08/2022,1,,86,20/06/2022,G,10:00,63,,04/08/2022,A,08:30,154,,,,,,,Flight,G
xAW,1,M,B,,5.256666667,02/06/2022,24/08/2022,27/08/2022,1,,86,12/06/2022,E,09:20,54,,06/08/2022,G,10:53,155,,,,,,,Flight,G
xAH,2,F,A,,4.216666667,25/03/2022,11/06/2022,19/06/2022,1,,86,08/04/2022,G,09:40,51,,24/05/2022,D,13:00,134,,,,,,,Flight,F
xAK,3,M,A,,3.703333333,25/03/2022,11/06/2022,19/06/2022,1,,86,05/04/2022,G,11:55,46b,,29/05/2022,A,10:44,138,,,,,,,Flight,F
xE,3,F,B,0.273,5.683333333,28/02/2022,21/05/2022,25/05/2022,1,,86,20/03/2022,A,08:38,22,,01/05/2022,A,15:10,111,,,,,,,Flight,B
xH,3,M,A,0.1082,4.18,28/02/2022,21/05/2022,25/05/2022,1,,86,20/03/2022,D,08:36,22,,29/04/2022,D,14:37,107,,,,,,,Flight,B
xD,8,F,B,0.2351,5.54,28/02/2022,21/05/2022,25/05/2022,1,,86,18/03/2022,G,09:12,18,,04/05/2022,B,09:47,114,,,,,,,Flight,B
xE,10,F,A,0.1154,4.7,28/02/2022,21/05/2022,25/05/2022,1,,86,13/03/2022,E,14:09,13,,29/04/2022,D,10:03,106,,,,,,,Flight,B
xH,11,M,B,0.168,4.993333333,28/02/2022,21/05/2022,25/05/2022,1,,86,12/03/2022,C,08:38,10,,30/04/2022,C,10:30,108,,,,,,,Flight,B
xC,10,F,B,0.2506,5.563333333,28/02/2022,21/05/2022,25/05/2022,1,,86,11/03/2022,E,09:12,8,,29/04/2022,G,14:37,107,,,,,,,Flight,B
xC,6,F,A,0.1723,5.146666667,28/02/2022,21/05/2022,25/05/2022,1,,86,10/03/2022,A,14:05,7,,03/05/2022,D,,112,INJURED WINGS,,,,,,Flight,B
xA,10,M,A,0.1337,4.72,28/02/2022,21/05/2022,25/05/2022,1,,86,,,,,,,,,,,,,,,,Waiting,B
xAH,9,F,A,,4.383333333,25/03/2022,11/06/2022,19/06/2022,1,,86,,,,,,,,,,,,,,,,Waiting,F
xAG,8,F,A,,4.243333333,25/03/2022,11/06/2022,19/06/2022,1,,86,,,,,,,,,,,,,,,,Waiting,F
xBF,6,M,A,,3.24,02/06/2022,24/08/2022,27/08/2022,1,,86,,,,,,,,,,,,,,,,Waiting,G
xBK,7,M,B,,3.563333333,03/06/2022,24/08/2022,27/08/2022,1,,85,17/06/2022,A,15:55,60,,06/08/2022,B,10:53,155,,,,,,,Flight,G
xAY,1,M,A,,4.273333333,03/06/2022,24/08/2022,27/08/2022,1,,85,17/06/2022,F,10:36,59,,11/08/2022,C,10:03,157,,,,,,,Flight,G
xAB,3,F,A,,4.78,15/03/2022,04/06/2022,08/06/2022,1,,85,31/03/2022,B,16:11,41,,14/05/2022,G,08:50,127,,,,,,,Flight,E
xAD,1,M,A,,4.193333333,15/03/2022,04/06/2022,08/06/2022,1,,85,31/03/2022,F,11:30,40,,18/05/2022,B,09:01,130,,,,,,,Flight,E
xZ,5,M,A,,4.393333333,15/03/2022,04/06/2022,08/06/2022,1,,85,29/03/2022,E,09:30,36,,14/05/2022,D,14:20,128,,,,,,,Flight,E
D1AD,10,M,B,0.2333,5.636666667,21/02/2022,14/05/2022,17/05/2022,1,,85,09/03/2022,E,13:25,6,,23/04/2022,G,11:47,102,,,,,,,Flight,A
D1AC,7,M,B,0.2575,5.846666667,21/02/2022,14/05/2022,17/05/2022,1,,85,07/03/2022,C,08:30,3,,26/04/2022,A,10:00,104,,,,,,,Flight,A
xV,12,F,B,,5.663333333,15/03/2022,04/06/2022,08/06/2022,1,,85,,,,,,,,,,,,,,,,Waiting,E
xBJ,6,F,A,,4.183333333,03/06/2022,24/08/2022,27/08/2022,1,,85,,,,,,,,,,,,,,,,Waiting,G
xAG,11,F,B,,5.663333333,27/03/2022,11/06/2022,19/06/2022,1,,84,,,,,,,,,,,,,,,,Waiting,F
xAJ,14,F,B,,5.623333333,27/03/2022,11/06/2022,19/06/2022,1,,84,,,,,,,,,,,,,,,,Waiting,F
xAI,13,M,B,,5.44,27/03/2022,11/06/2022,19/06/2022,1,,84,,,,,,,,,,,,,,,,Waiting,F
xAI,19,M,B,,5.303333333,27/03/2022,11/06/2022,19/06/2022,1,MALFORMED,84,,,,,,,,,,,,,,,,Waiting,F
xR,2,M,B,,4.983333333,09/03/2022,28/05/2022,01/06/2022,1,,84,,,,,,,,,,,,,,,,Waiting,D
xAH,12,M,B,,4.94,27/03/2022,11/06/2022,19/06/2022,1,,84,,,,,,,,,,,,,,,,Waiting,F
xAK,11,M,B,,4.59,27/03/2022,11/06/2022,19/06/2022,1,,84,,,,,,,,,,,,,,,,Waiting,F
xBD,1,M,A,,4.1,02/06/2022,21/08/2022,24/08/2022,1,,83,21/06/2022,G,07:25,64,,11/08/2022,D,10:03,157,,,,,,,Flight,G
xBA,3,F,A,,3.823333333,02/06/2022,21/08/2022,24/08/2022,1,,83,21/06/2022,D,07:25,64,,11/08/2022,B,10:03,157,,,,,,,Flight,G
xR,8,M,A,,4.646666667,09/03/2022,28/05/2022,31/05/2022,1,,83,29/03/2022,D,14:15,37,,10/05/2022,A,11:12,122,,,,,,,Flight,D
xM,1,F,A,0.077,3.873333333,06/03/2022,24/05/2022,28/05/2022,1,,83,18/03/2022,E,09:12,18,,07/05/2022,C,13:24,120,,,,,,,Flight,C
xO,8,M,B,0.1749,5.473333333,06/03/2022,24/05/2022,28/05/2022,1,,83,16/03/2022,D,10:11,15,,05/05/2022,C,12:47,116,,,,,,,Flight,C
xAW,12,M,A,,4.313333333,02/06/2022,21/08/2022,24/08/2022,1,,83,,,,,,,,,,,,,,,,Waiting,G
xK,5,M,A,0.1231,4.3,06/03/2022,24/05/2022,28/05/2022,1,,83,,,,,,,,,,,,,,,,Waiting,C
xAW,10,M,A,,4.2,02/06/2022,21/08/2022,24/08/2022,1,,83,,,,,,,,,,,,,,,,Waiting,G
xAW,9,M,A,,4.05,02/06/2022,21/08/2022,24/08/2022,1,,83,,,,,,,,,,,,,,,,Waiting,G
D1AD,4,F,A,0.0902,4.143333333,18/02/2022,07/05/2022,11/05/2022,1,,82,10/03/2022,B,09:25,6B,,20/04/2022,G,10:30,101,,,,,,,Flight,A
xBK,3,M,B,,3.596666667,03/06/2022,21/08/2022,24/08/2022,1,,82,17/06/2022,B,15:55,60,,10/08/2022,E,13:38,156,,,,,,,Flight,G
xBB,4,M,B,,4.79,03/06/2022,21/08/2022,24/08/2022,1,,82,15/06/2022,A,15:35,58,,02/08/2022,E,14:32,151,,,,,,,Flight,G
xAH,5,F,A,,4.083333333,25/03/2022,11/06/2022,15/06/2022,1,,82,08/04/2022,D,09:40,51,,29/05/2022,B,10:44,138,,,,,,,Flight,F
xAH,4,M,A,,3.81,25/03/2022,11/06/2022,15/06/2022,1,,82,08/04/2022,E,09:40,51,,29/05/2022,C,10:44,138,,,,,,,Flight,F
xAG,1,M,A,,4.166666667,25/03/2022,11/06/2022,15/06/2022,1,,82,06/04/2022,C,09:40,49,,27/05/2022,D,12:44,136,,,,,,,Flight,F
xAJ,5,F,A,,4.166666667,25/03/2022,11/06/2022,15/06/2022,1,,82,05/04/2022,E,14:25,48,,24/05/2022,B,13:00,134,,,,,,,Flight,F
xH,2,F,A,0.0963,4.253333333,28/02/2022,17/05/2022,21/05/2022,1,,82,20/03/2022,E,08:38,22,,29/04/2022,E,14:37,107,,,,,,,Flight,B
xC,8,F,B,0.2339,5.75,28/02/2022,17/05/2022,21/05/2022,1,,82,19/03/2022,C,13:50,21,,03/05/2022,E,,112,,,,,,,Flight,B
D1AD,15,F,B,0.2568,5.676666667,21/02/2022,10/05/2022,14/05/2022,1,,82,12/03/2022,D,13:15,11,SHORT,26/04/2022,B,10:00,104,,,,,,,Flight,A
D1AD,16,M,B,0.1596,5.193333333,21/02/2022,10/05/2022,14/05/2022,1,,82,12/03/2022,C,13:15,11,SHORT,26/04/2022,C,10:00,104,,,,,,,Flight,A
xB,11,M,A,0.1011,4.52,28/02/2022,17/05/2022,21/05/2022,1,,82,11/03/2022,G,14:30,9,,03/05/2022,B,,112,,,,,,,Flight,B
xC,5,M,A,0.1126,4.613333333,28/02/2022,17/05/2022,21/05/2022,1,,82,10/03/2022,B,14:05,7,,01/05/2022,G,15:10,111,,,,,,,Flight,B
xAX,13,M,B,,5.053333333,03/06/2022,21/08/2022,24/08/2022,1,,82,,,,,,,,,,,,,,,,Waiting,G
xBK,5,M,B,,4.113333333,03/06/2022,21/08/2022,24/08/2022,1,,82,,,,,,,,,,,,,,,,Waiting,G
xAC,2,F,B,,5.266666667,15/03/2022,01/06/2022,04/06/2022,1,,81,02/04/2022,G,09:30,44,,21/05/2022,A,11:44,133,,,,,,,Flight,E
xAA,7,F,B,,5.283333333,15/03/2022,01/06/2022,04/06/2022,1,,81,01/04/2022,F,13:30,43,,19/05/2022,A,09:33,131,,,,,,,Flight,E
xAB,4,M,A,,4.99,15/03/2022,01/06/2022,04/06/2022,1,,81,31/03/2022,D,11:30,40,,17/05/2022,F,,129,SHORT,,,,,,Flight,E
xAD,3,F,A,,4.063333333,15/03/2022,01/06/2022,04/06/2022,1,,81,30/03/2022,B,13:21,39,SHORT,14/05/2022,C,08:50,127,,,,,,,Flight,E
xZ,7,F,A,,4.603333333,15/03/2022,01/06/2022,04/06/2022,1,,81,29/03/2022,G,09:30,36,,19/05/2022,D,09:33,131,,,,,,,Flight,E
xAH,10,M,B,,5.363333333,27/03/2022,11/06/2022,15/06/2022,1,,80,08/04/2022,C,09:40,51,,28/05/2022,E,10:24,137,,,,,,,Flight,F
xAJ,7,M,B,,5.206666667,27/03/2022,11/06/2022,15/06/2022,1,,80,05/04/2022,D,14:25,48,,,,,,,,,,,,Flight,F
xO,4,M,B,0.1699,5.24,06/03/2022,21/05/2022,25/05/2022,1,,80,24/03/2022,A,09:15,29,,07/05/2022,C,08:37,119,,,,,,,Flight,C
xP,9,F,B,0.1329,4.176666667,06/03/2022,21/05/2022,25/05/2022,1,,80,23/03/2022,G,13:25,28,,13/05/2022,B,09:54,126,,,,,,,Flight,C
xI,3,M,A,0.1008,4.413333333,06/03/2022,21/05/2022,25/05/2022,1,,80,23/03/2022,B,08:47,27,,10/05/2022,B,15:50,123,,,,,,,Flight,C
xN,10,F,B,0.283,5.456666667,06/03/2022,21/05/2022,25/05/2022,1,,80,,,,,,,,,,,,,,,,Waiting,C
xN,6,F,B,0.2311,5.283333333,06/03/2022,21/05/2022,25/05/2022,1,,80,,,,,,,,,,,,,,,,Waiting,C
xQ,14,F,A,,3.7,09/03/2022,24/05/2022,28/05/2022,1,,80,,,,,,,,,,,,,,,,Waiting,D
xBH,4,M,A,,3.813333333,02/06/2022,16/08/2022,20/08/2022,1,,79,22/06/2022,A,16:55,69,,10/08/2022,F,13:38,156,,,,,,,Flight,G
xAI,17,M,B,,5.283333333,27/03/2022,11/06/2022,14/06/2022,1,,79,07/04/2022,B,09:43,50,,29/05/2022,D,10:44,138,,,,,,,Flight,F
xAF,7,M,B,,5.66,17/03/2022,01/06/2022,04/06/2022,1,,79,31/03/2022,A,16:11,41,,20/05/2022,F,12:53,132,,,,,,,Flight,E
D1AC,13,M,B,0.2241,5.696666667,21/02/2022,07/05/2022,11/05/2022,1,,79,09/03/2022,G,13:25,6,,27/04/2022,C,12:00,105,,,,,,,Flight,A
xBF,13,F,B,,5.086666667,03/06/2022,16/08/2022,20/08/2022,1,,78,15/06/2022,D,15:35,58,,,,,,,,,,,,Flight,G
xBK,4,F,B,,3.85,03/06/2022,16/08/2022,20/08/2022,1,,78,12/06/2022,G,13:57,55,,10/08/2022,B,13:38,156,,,,,,,Flight,G
xAG,3,M,A,,4.166666667,25/03/2022,08/06/2022,11/06/2022,1,,78,06/04/2022,G,09:40,49,,26/05/2022,C,09:43,135,,,,,,,Flight,F
xAK,8,F,A,,4.146666667,25/03/2022,08/06/2022,11/06/2022,1,,78,06/04/2022,E,09:40,49,,24/05/2022,F,13:00,134,,,,,,,Flight,F
xAJ,6,F,A,,4.146666667,25/03/2022,08/06/2022,11/06/2022,1,,78,05/04/2022,F,14:25,48,,24/05/2022,A,13:00,134,,,,,,,Flight,F
xAJ,4,M,A,,3.733333333,25/03/2022,08/06/2022,11/06/2022,1,,78,05/04/2022,C,14:25,48,,,,,,,,,,,,Flight,F
xAH,1,M,A,,3.796666667,25/03/2022,08/06/2022,11/06/2022,1,,78,05/04/2022,A,11:55,46b,,26/05/2022,E,09:43,135,,,,,,,Flight,F
xAK,1,M,A,,3.72,25/03/2022,08/06/2022,11/06/2022,1,,78,05/04/2022,E,11:55,46b,,24/05/2022,G,13:00,134,,,,,,,Flight,F
xZ,1,F,B,,5.053333333,15/03/2022,28/05/2022,01/06/2022,1,,78,03/04/2022,E,10:16,46,,17/05/2022,E,,129,SHORT,,,,,,Flight,E
xAC,3,M,B,,5.296666667,15/03/2022,28/05/2022,01/06/2022,1,,78,02/04/2022,F,09:30,44,,14/05/2022,B,14:20,128,,,,,,,Flight,E
xV,4,M,A,,4.596666667,15/03/2022,28/05/2022,01/06/2022,1,,78,27/03/2022,G,08:44,35,,18/05/2022,F,09:01,130,,,,,,,Flight,E
xX,2,F,B,,5.173333333,15/03/2022,28/05/2022,01/06/2022,1,,78,26/03/2022,G,09:02,33,,14/05/2022,A,14:20,128,,,,,,,Flight,E
xAE,16,F,A,,4.87,15/03/2022,28/05/2022,01/06/2022,1,,78,,,,,,,,,,,,,,,,Waiting,E
xBE,13,M,A,,4.106666667,03/06/2022,16/08/2022,20/08/2022,1,,78,,,,,,,,,,,,,,,,Waiting,G
xAK,7,M,A,,4.003333333,25/03/2022,08/06/2022,11/06/2022,1,,78,,,,,,,,,,,,,,,,Waiting,F
xAI,6,M,A,,3.993333333,25/03/2022,08/06/2022,11/06/2022,1,,78,,,,,,,,,,,,,,,,Waiting,F
xT,5,M,B,,5.25,09/03/2022,21/05/2022,25/05/2022,1,,77,22/03/2022,A,13:25,26,,10/05/2022,G,11:12,122,,,,,,,Flight,D
xT,2,F,B,,5.296666667,09/03/2022,21/05/2022,25/05/2022,1,,77,20/03/2022,E,12:56,23,,12/05/2022,A,09:29,125,,,,,,,Flight,D
xS,5,M,A,,3.726666667,09/03/2022,21/05/2022,25/05/2022,1,,77,,,,,,,,,,,,,,,,Waiting,D
xAK,13,M,B,,5.243333333,27/03/2022,08/06/2022,11/06/2022,1,,76,06/04/2022,F,09:40,49,,27/05/2022,E,12:44,136,,,,,,,Flight,F
xAB,7,M,B,,5.413333333,17/03/2022,28/05/2022,01/06/2022,1,,76,01/04/2022,G,08:50,42,,20/05/2022,E,12:53,132,,,,,,,Flight,E
xN,12,M,A,0.1458,4.423333333,06/03/2022,17/05/2022,21/05/2022,1,,76,24/03/2022,E,14:16,30,,05/05/2022,D,12:47,116,,,,,,,Flight,C
xP,3,F,B,0.1164,4.006666667,06/03/2022,17/05/2022,21/05/2022,1,,76,22/03/2022,G,13:25,26,,06/05/2022,D,14:25,118,,,,,,,Flight,C
xAX,3,F,A,,4.33,02/06/2022,13/08/2022,16/08/2022,1,,75,20/06/2022,E,10:00,63,,02/08/2022,E,09:50,150,,,,,,,Flight,G
xBI,6,F,A,,4.56,02/06/2022,13/08/2022,16/08/2022,1,,75,19/06/2022,C,14:45,62,,03/08/2022,C,12:53,153,,,,,,,Flight,G
xAI,4,M,A,,4.186666667,25/03/2022,04/06/2022,08/06/2022,1,,75,07/04/2022,F,09:43,50,,29/05/2022,F,10:44,138,,,,,,,Flight,F
xF,1,M,A,0.0827,4.093333333,28/02/2022,10/05/2022,14/05/2022,1,,75,18/03/2022,G,14:10,19,,01/05/2022,C,15:10,111,,,,,,,Flight,B
xF,2,F,A,0.069,3.79,28/02/2022,10/05/2022,14/05/2022,1,,75,18/03/2022,F,14:10,19,,29/04/2022,G,10:03,106,,,,,,,Flight,B
D1AD,17,M,B,0.2091,5.553333333,21/02/2022,04/05/2022,07/05/2022,1,,75,12/03/2022,B,13:15,11,SHORT,26/04/2022,D,10:00,104,,,,,,,Flight,A
xH,6,F,B,0.1514,5.043333333,28/02/2022,10/05/2022,14/05/2022,1,,75,12/03/2022,G,13:15,11,SHORT,04/05/2022,G,09:47,114,,,,,,,Flight,B
xBI,5,M,A,,4.496666667,02/06/2022,13/08/2022,16/08/2022,1,,75,,,,,,,,,,,,,,,,Waiting,G
xBG,4,F,A,,3.99,02/06/2022,13/08/2022,16/08/2022,1,,75,,,,,,,,,,,,,,,,Waiting,G
xBG,11,F,B,,5.293333333,03/06/2022,13/08/2022,16/08/2022,1,,74,22/06/2022,C,12:11,68,,02/08/2022,A,14:32,151,,,,,,,Flight,G
xBJ,4,M,A,,4.726666667,03/06/2022,13/08/2022,16/08/2022,1,,74,19/06/2022,G,14:45,62,,03/08/2022,D,12:53,153,,,,,,,Flight,G
xAC,14,M,A,,4.916666667,15/03/2022,24/05/2022,28/05/2022,1,,74,01/04/2022,A,08:50,42,,17/05/2022,D,,129,SHORT,,,,,,Flight,E
xAF,4,M,A,,4.826666667,15/03/2022,24/05/2022,28/05/2022,1,,74,30/03/2022,E,08:50,37b,,17/05/2022,G,,129,SHORT,,,,,,Flight,E
xBH,14,M,B,,5.47,03/06/2022,13/08/2022,16/08/2022,1,,74,,,,,,,,,,,,,,,,Waiting,G
xAZ,3,F,B,,5.363333333,03/06/2022,13/08/2022,16/08/2022,1,,74,,,,,,,,,,,,,,,,Waiting,G
xAE,12,F,A,,4.93,15/03/2022,24/05/2022,28/05/2022,1,,74,,,,,,,,,,,,,,,,Waiting,E
xR,7,F,A,,4.78,09/03/2022,17/05/2022,21/05/2022,1,,73,29/03/2022,C,14:15,37,,10/05/2022,D,15:50,123,,,,,,,Flight,D
xR,3,F,B,,5.25,09/03/2022,17/05/2022,21/05/2022,1,,73,23/03/2022,A,13:25,28,STUCK,08/05/2022,F,13:00,121,,,,,,,Flight,D
xR,4,F,B,,5.243333333,09/03/2022,17/05/2022,21/05/2022,1,,73,23/03/2022,C,13:25,28,,08/05/2022,G,13:00,121,,,,,,,Flight,D
xAG,10,M,B,,5.743333333,27/03/2022,04/06/2022,08/06/2022,1,,73,,,,,,,,,,,,,,,,Waiting,F
xS,12,F,B,,4.69,09/03/2022,17/05/2022,21/05/2022,1,,73,,,,,,,,,,,,,,,,Waiting,D
xQ,1,M,B,,4.31,09/03/2022,17/05/2022,21/05/2022,1,,73,,,,,,,,,,,,,,,,Waiting,D
xS,4,F,A,,4.186666667,09/03/2022,17/05/2022,21/05/2022,1,,73,,,,,,,,,,,,,,,,Waiting,D
xBH,3,F,A,,3.8,02/06/2022,09/08/2022,13/08/2022,1,,72,19/06/2022,A,14:45,62,,06/08/2022,D,10:53,155,,,,,,,Flight,G
xBH,1,M,A,,3.84,02/06/2022,09/08/2022,13/08/2022,1,,72,18/06/2022,C,10:13,61,,02/08/2022,B,09:50,150,,,,,,,Flight,G
xBI,1,M,A,,3.686666667,02/06/2022,09/08/2022,13/08/2022,1,,72,17/06/2022,D,15:55,60,,10/08/2022,A,13:38,156,,,,,,,Flight,G
xAW,7,M,A,,4.503333333,02/06/2022,09/08/2022,13/08/2022,1,,72,17/06/2022,A,10:36,59,,03/08/2022,F,08:34,152,,,,,,,Flight,G
xBK,10,F,A,,5.116666667,02/06/2022,09/08/2022,13/08/2022,1,,72,14/06/2022,E,11:25,56,,02/08/2022,G,09:50,150,,,,,,,Flight,G
xBK,9,F,A,,4.85,02/06/2022,09/08/2022,13/08/2022,1,,72,14/06/2022,F,11:25,56,,02/08/2022,G,14:32,151,,,,,,,Flight,G
xW,5,M,B,,5.67,17/03/2022,24/05/2022,28/05/2022,1,,72,01/04/2022,A,13:30,43,,17/05/2022,C,,129,SHORT,,,,,,Flight,E
xL,9,F,A,0.0841,4.16,06/03/2022,14/05/2022,17/05/2022,1,,72,25/03/2022,A,10:20,31,,07/05/2022,F,13:24,120,,,,,,,Flight,C
xB,8,F,B,0.2279,5.483333333,28/02/2022,07/05/2022,11/05/2022,1,,72,18/03/2022,C,14:10,19,,04/05/2022,A,15:47,115,,,,,,,Flight,B
xC,11,M,B,0.2342,5.533333333,28/02/2022,07/05/2022,11/05/2022,1,,72,11/03/2022,D,09:12,8,,29/04/2022,F,14:37,107,,,,,,,Flight,B
xB,9,F,B,0.2505,5.523333333,28/02/2022,07/05/2022,11/05/2022,1,,72,11/03/2022,G,09:12,8,,30/04/2022,F,10:30,108,,,,,,,Flight,B
xC,1,M,A,0.1268,5.036666667,28/02/2022,07/05/2022,11/05/2022,1,,72,10/03/2022,D,14:05,7,,01/05/2022,B,10:09,110,,,,,,,Flight,B
D1AC,5,M,B,0.2046,5.596666667,21/02/2022,01/05/2022,04/05/2022,1,MALFORMED,72,,,,,,,,,,,,,,,,Waiting,A
xF,8,F,B,0.1583,4.943333333,28/02/2022,07/05/2022,11/05/2022,1,,72,,,,,,,,,,,,,,,,Waiting,B
xBG,1,M,A,,4.17,02/06/2022,09/08/2022,13/08/2022,1,,72,,,,,,,,,,,,,,,,Waiting,G
xBD,3,M,A,,4.156666667,02/06/2022,09/08/2022,13/08/2022,1,,72,,,,,,,,,,,,,,,,Waiting,G
xBC,5,M,A,,3.916666667,02/06/2022,09/08/2022,13/08/2022,1,,72,,,,,,,,,,,,,,,,Waiting,G
xBJ,5,F,A,,4.693333333,03/06/2022,09/08/2022,13/08/2022,1,,71,21/06/2022,F,11:49,65,,04/08/2022,E,08:30,154,,,,,,,Flight,G
xBI,12,F,B,,5.203333333,03/06/2022,09/08/2022,13/08/2022,1,,71,19/06/2022,B,14:45,62,,11/08/2022,F,10:03,157,,,,,,,Flight,G
xAZ,7,M,A,,4.366666667,03/06/2022,09/08/2022,13/08/2022,1,,71,17/06/2022,C,10:36,59,,03/08/2022,E,08:34,152,,,,,,,Flight,G
xBK,2,F,B,,4.12,03/06/2022,09/08/2022,13/08/2022,1,,71,14/06/2022,G,11:25,56,,06/08/2022,E,10:53,155,,,,,,,Flight,G
xBA,1,M,A,,3.77,02/06/2022,09/08/2022,12/08/2022,1,,71,12/06/2022,D,13:57,55,,,,,,,,,,,,Flight,G
xAI,2,M,A,,4.133333333,25/03/2022,01/06/2022,04/06/2022,1,,71,09/04/2022,G,12:50,53,,27/05/2022,G,12:44,136,,,,,,,Flight,F
xAC,1,M,B,,5.43,15/03/2022,21/05/2022,25/05/2022,1,,71,03/04/2022,G,10:16,46,,14/05/2022,D,08:50,127,,,,,,,Flight,E
xZ,2,F,B,,5.096666667,15/03/2022,21/05/2022,25/05/2022,1,,71,29/03/2022,B,09:30,36,,14/05/2022,A,08:50,127,,,,,,,Flight,E
xBB,6,M,B,,5.516666667,03/06/2022,09/08/2022,13/08/2022,1,,71,,,,,,,,,,,,,,,,Waiting,G
xAA,10,F,B,,5.26,15/03/2022,21/05/2022,25/05/2022,1,,71,,,,,,,,,,,,,,,,Waiting,E
xBJ,3,F,A,,4.306666667,03/06/2022,09/08/2022,13/08/2022,1,,71,,,,,,,,,,,,,,,,Waiting,G
xAG,6,F,A,,4.3,25/03/2022,01/06/2022,04/06/2022,1,,71,,,,,,,,,,,,,,,,Waiting,F
xAI,7,F,A,,4.006666667,25/03/2022,01/06/2022,04/06/2022,1,,71,,,,,,28/05/2022,D,10:24,137,,,,,,,Flight,F
xBE,1,M,B,,3.726666667,03/06/2022,09/08/2022,13/08/2022,1,,71,,,,,,,,,,,,,,,,Waiting,G
xBH,7,M,A,,4.03,02/06/2022,09/08/2022,11/08/2022,1,,70,17/06/2022,F,15:55,60,,,,,,,,,,,,Flight,G
xBJ,13,M,B,,4.986666667,03/06/2022,09/08/2022,12/08/2022,1,,70,14/06/2022,C,11:25,56,,,,,,,,,,,,Flight,G
xBF,1,F,A,,4.163333333,02/06/2022,09/08/2022,11/08/2022,1,,70,12/06/2022,F,13:57,55,,10/08/2022,G,13:38,156,,,,,,,Flight,G
D1AC,9,F,B,0.1955,5.513333333,21/02/2022,27/04/2022,01/05/2022,1,,69,10/03/2022,F,09:25,6B,,27/04/2022,A,12:00,105,,,,,,,Flight,A
xL,6,F,B,0.1791,4.933333333,06/03/2022,10/05/2022,14/05/2022,1,,69,25/03/2022,F,10:20,31,,06/05/2022,A,09:47,117,,,,,,,Flight,C
D1AC,12,F,B,0.2086,5.366666667,21/02/2022,27/04/2022,01/05/2022,1,,69,09/03/2022,A,13:25,6,,27/04/2022,B,12:00,105,,,,,,,Flight,A
xAI,12,F,B,,5.153333333,27/03/2022,01/06/2022,04/06/2022,1,,69,,,,,,,,,,,,,,,,Waiting,F
xQ,7,M,B,,4.563333333,09/03/2022,14/05/2022,17/05/2022,1,,69,,,,,,,,,,,,,,,,Waiting,D
xP,8,F,B,0.1328,4.263333333,06/03/2022,10/05/2022,14/05/2022,1,,69,,,,,,,,,,,,,,,,Waiting,C
xS,3,M,A,,4.116666667,09/03/2022,14/05/2022,17/05/2022,1,MALFORMED,69,,,,,,,,,,,,,,,,Waiting,D
xQ,15,M,A,,4.093333333,09/03/2022,14/05/2022,17/05/2022,1,,69,,,,,,,,,,,,,,,,Waiting,D
xQ,16,F,A,,3.563333333,09/03/2022,14/05/2022,17/05/2022,1,,69,,,,,,,,,,,,,,,,Waiting,D
xAX,9,M,A,,4.193333333,02/06/2022,06/08/2022,09/08/2022,1,,68,12/06/2022,G,09:20,54,,06/08/2022,A,10:53,155,,,,,,,Flight,G
xB,7,M,B,0.2249,5.51,28/02/2022,04/05/2022,07/05/2022,1,,68,18/03/2022,A,14:10,19,,04/05/2022,B,15:47,115,,,,,,,Flight,B
xD,4,F,B,0.2242,5.253333333,28/02/2022,04/05/2022,07/05/2022,1,,68,18/03/2022,C,09:12,18,,29/04/2022,C,14:37,107,,,,,,,Flight,B
xB,1,M,B,0.2961,6.233333333,28/02/2022,04/05/2022,07/05/2022,1,,68,17/03/2022,E,09:11,16,,29/04/2022,B,10:03,106,,,,,,,Flight,B
D1AE,7,F,A,0.1474,4.766666667,18/02/2022,24/04/2022,27/04/2022,1,,68,10/03/2022,E,14:05,7,,20/04/2022,A,10:30,101,INJURED,,,,,,Flight,A
xA,6,F,B,0.2396,5.46,28/02/2022,04/05/2022,07/05/2022,1,,68,,,,,,,,,,,,,,,,Waiting,B
D1AF,1,F,A,0.1038,4.416666667,18/02/2022,24/04/2022,27/04/2022,1,MALFORMED,68,,,,,,,,,,,,,,,,Waiting,A
xAI,8,M,A,,4.27,25/03/2022,28/05/2022,01/06/2022,1,,68,,,,,,,,,,,,,,,,Waiting,F
xBF,7,F,A,,4.106666667,02/06/2022,06/08/2022,09/08/2022,1,,68,,,,,,,,,,,,,,,,Waiting,G
xBC,2,F,A,,4.026666667,02/06/2022,06/08/2022,09/08/2022,1,,68,,,,,,,,,,,,,,,,Waiting,G
xBA,5,F,A,,3.85,02/06/2022,06/08/2022,09/08/2022,1,,68,,,,,,,,,,,,,,,,Waiting,G
xAK,5,M,A,,3.82,25/03/2022,28/05/2022,01/06/2022,1,,68,,,,,,,,,,,,,,,,Waiting,F
xBE,8,F,B,,5.066666667,03/06/2022,06/08/2022,09/08/2022,1,,67,20/06/2022,D,10:00,63,,02/08/2022,D,09:50,150,,,,,,,Flight,G
xAJ,3,F,A,,3.793333333,25/03/2022,28/05/2022,31/05/2022,1,,67,09/04/2022,E,12:50,53,,27/05/2022,B,12:44,136,,,,,,,Flight,F
xAH,3,F,A,,4.013333333,25/03/2022,28/05/2022,31/05/2022,1,,67,08/04/2022,F,09:40,51,,28/05/2022,F,10:24,137,,,,,,,Flight,F
xAF,2,M,A,,4.013333333,15/03/2022,17/05/2022,21/05/2022,1,,67,01/04/2022,C,13:30,43,,,,,,,,,,,,Flight,E
xAD,10,F,B,,5.416666667,15/03/2022,17/05/2022,21/05/2022,1,,67,31/03/2022,G,11:30,40,,14/05/2022,B,08:50,127,,,,,,,Flight,E
xAC,16,M,A,,5.073333333,15/03/2022,17/05/2022,21/05/2022,1,,67,30/03/2022,C,08:50,37b,,,,,,,,,,,,Flight,E
xAE,15,M,A,,4.98,15/03/2022,17/05/2022,21/05/2022,1,,67,30/03/2022,D,08:50,37b,,18/05/2022,G,09:01,130,,,,,,,Flight,E
xX,3,F,B,,5.183333333,15/03/2022,17/05/2022,21/05/2022,1,,67,26/03/2022,F,09:02,33,,18/05/2022,C,09:01,130,,,,,,,Flight,E
xV,1,F,A,,4.313333333,15/03/2022,17/05/2022,21/05/2022,1,,67,26/03/2022,D,09:02,33,,18/05/2022,E,09:01,130,,,,,,,Flight,E
xI,10,F,B,0.2396,5.503333333,06/03/2022,10/05/2022,12/05/2022,1,,67,23/03/2022,F,08:47,27,,,,,,,,,,,,Flight,C
xO,6,M,B,0.1155,4.75,06/03/2022,10/05/2022,12/05/2022,1,,67,20/03/2022,F,12:56,23,,,,,,,,,,,,Flight,C
xBG,13,M,B,,5.463333333,03/06/2022,06/08/2022,09/08/2022,1,,67,,,,,,,,,,,,,,,,Waiting,G
xAE,8,F,B,,5.376666667,15/03/2022,17/05/2022,21/05/2022,1,,67,,,,,,19/05/2022,G,09:33,131,,,,,,,Flight,E
xBB,10,M,B,,5.153333333,03/06/2022,06/08/2022,09/08/2022,1,,67,,,,,,,,,,,,,,,,Waiting,G
xW,4,F,A,,5.113333333,15/03/2022,17/05/2022,21/05/2022,1,,67,,,,,,,,,,,,,,,,Waiting,E
xV,3,F,A,,4.75,15/03/2022,17/05/2022,21/05/2022,1,,67,,,,,,,,,,,,,,,,Waiting,E
xAA,3,M,A,,3.94,15/03/2022,17/05/2022,20/05/2022,1,,66,30/03/2022,G,08:50,37b,,,,,,,,,,,,Flight,E
xO,3,F,A,0.0928,4.2,06/03/2022,07/05/2022,11/05/2022,1,,66,24/03/2022,B,09:15,29,,07/05/2022,D,08:37,119,,,,,,,Flight,C
xP,6,F,B,0.1369,4.333333333,06/03/2022,07/05/2022,11/05/2022,1,,66,23/03/2022,B,13:25,28,,10/05/2022,C,11:12,122,,,,,,,Flight,C
xAK,9,M,B,,5.603333333,27/03/2022,28/05/2022,01/06/2022,1,,66,,,,,,,,,,,,,,,,Waiting,F
xAH,13,F,B,,5.143333333,27/03/2022,28/05/2022,01/06/2022,1,,66,,,,,,,,,,,,,,,,Waiting,F
xS,11,M,B,,4.973333333,09/03/2022,10/05/2022,14/05/2022,1,,66,,,,,,,,,,,,,,,,Waiting,D
xS,6,M,A,,3.623333333,09/03/2022,10/05/2022,14/05/2022,1,MALFORMED,66,,,,,,,,,,,,,,,,Waiting,D
D1AD,3,M,A,0.0732,3.77,18/02/2022,20/04/2022,24/04/2022,1,,65,10/03/2022,G,09:25,6B,,20/04/2022,F,10:30,101,,,,,,,Flight,A
xBG,2,F,A,,4.433333333,02/06/2022,02/08/2022,06/08/2022,1,,65,21/06/2022,D,11:49,65,,04/08/2022,B,08:30,154,,,,,,,Flight,G
xBG,8,F,A,,4.306666667,02/06/2022,02/08/2022,06/08/2022,1,,65,21/06/2022,E,11:49,65,,03/08/2022,D,08:34,152,,,,,,,Flight,G
xBF,9,F,A,,4.226666667,02/06/2022,02/08/2022,06/08/2022,1,,65,21/06/2022,C,07:25,64,,,,,,,,,,,,Flight,G
xBA,2,F,A,,3.663333333,02/06/2022,02/08/2022,06/08/2022,1,,65,21/06/2022,E,07:25,64,,,,,,,,,,,,Flight,G
xBI,4,F,A,,4.41,02/06/2022,02/08/2022,06/08/2022,1,,65,17/06/2022,C,15:55,60,,03/08/2022,G,12:53,153,,,,,,,Flight,G
xAW,11,M,A,,4.273333333,02/06/2022,02/08/2022,06/08/2022,1,,65,12/06/2022,F,09:20,54,,,,,,,,,,,,Flight,G
xAG,13,F,B,,5.556666667,27/03/2022,28/05/2022,31/05/2022,1,,65,09/04/2022,C,12:50,53,,28/05/2022,B,10:24,137,,,,,,,Flight,F
xAH,17,F,B,,5.186666667,27/03/2022,28/05/2022,31/05/2022,1,,65,05/04/2022,B,14:25,48,,,,,,,,,,,,Flight,F
xAJ,9,M,B,,5.776666667,27/03/2022,28/05/2022,31/05/2022,1,,65,05/04/2022,B,11:55,46b,,,,,,,,,,,,Flight,F
xL,7,M,A,0.0837,4.143333333,06/03/2022,07/05/2022,10/05/2022,0,,65,25/03/2022,G,10:20,31,,10/05/2022,F,11:12,122,ESCAPED AFTER,,,,,,Flight,C
xN,5,M,B,0.2424,5.476666667,06/03/2022,07/05/2022,10/05/2022,1,,65,24/03/2022,C,14:16,30,,,,,,,,,,,,Flight,C
xG,1,M,B,0.2332,5.43,28/02/2022,01/05/2022,04/05/2022,1,,65,20/03/2022,B,08:38,22,,30/04/2022,E,10:30,108,,,,,,,Flight,B
xD,13,M,A,0.1047,4.466666667,28/02/2022,01/05/2022,04/05/2022,1,,65,15/03/2022,F,14:00,14,,03/05/2022,E,15:22,113,,,,,,,Flight,B
D1AE,14,F,B,0.2617,5.65,21/02/2022,24/04/2022,27/04/2022,1,,65,13/03/2022,C,09:48,12,,23/04/2022,B,11:47,102,,,,,,,Flight,A
xH,7,M,B,0.1585,5.173333333,28/02/2022,01/05/2022,04/05/2022,1,,65,12/03/2022,F,13:15,11,SHORT,,,,,,,,,,,Flight,B
D1AB,6,M,B,0.1994,4.94,21/02/2022,24/04/2022,27/04/2022,1,,65,12/03/2022,F,08:38,10,,27/04/2022,F,12:00,105,INJURED - WINGS EXTENDED,,,,,,Flight,A
D1AD,11,F,B,0.2082,5.623333333,21/02/2022,24/04/2022,27/04/2022,1,,65,11/03/2022,B,14:30,9,,24/04/2022,E,11:20,103,,,,,,,Flight,A
D1AC,11,F,B,0.1665,5.203333333,21/02/2022,24/04/2022,27/04/2022,1,,65,11/03/2022,C,09:12,8,,,,,,,,,,,,Flight,A
D1AB,8,F,B,0.1856,5.36,21/02/2022,24/04/2022,27/04/2022,1,,65,05/03/2022,E,16:40,2,,,,,,,,,,,,Flight,A
D1AB,9,M,B,0.2054,5.343333333,21/02/2022,24/04/2022,27/04/2022,1,,65,05/03/2022,B,16:40,2,,24/04/2022,C,11:20,103,,,,,,,Flight,A
D1AB,10,F,B,0.2345,5.406666667,21/02/2022,24/04/2022,27/04/2022,1,,65,05/03/2022,D,12:15,1,,24/04/2022,D,11:20,103,,,,,,,Flight,A
xD,1,M,B,0.1865,5.333333333,28/02/2022,01/05/2022,04/05/2022,1,,65,,,,,,,,,,,,,,,,Waiting,B
xBK,13,F,A,,5.176666667,02/06/2022,02/08/2022,06/08/2022,1,,65,,,,,,,,,,,,,,,,Waiting,G
xBF,4,M,A,,4.37,02/06/2022,02/08/2022,06/08/2022,1,,65,,,,,,,,,,,,,,,,Waiting,G
xBG,5,M,A,,4.286666667,02/06/2022,02/08/2022,06/08/2022,1,,65,,,,,,,,,,,,,,,,Waiting,G
xBH,6,F,A,,4.243333333,02/06/2022,02/08/2022,06/08/2022,1,,65,,,,,,,,,,,,,,,,Waiting,G
xBI,2,F,A,,4.23,02/06/2022,02/08/2022,06/08/2022,1,,65,,,,,,,,,,,,,,,,Waiting,G
xBH,5,M,A,,4.213333333,02/06/2022,02/08/2022,06/08/2022,1,,65,,,,,,,,,,,,,,,,Waiting,G
xAX,6,F,A,,4.146666667,02/06/2022,02/08/2022,06/08/2022,1,,65,,,,,,,,,,,,,,,,Waiting,G
xBH,8,M,A,,4.106666667,02/06/2022,02/08/2022,06/08/2022,1,,65,,,,,,,,,,,,,,,,Waiting,G
xD,9,M,A,0.0693,3.876666667,28/02/2022,01/05/2022,04/05/2022,1,,65,,,,,,,,,,,,,,,,Waiting,B
xBI,9,M,B,,5.396666667,03/06/2022,02/08/2022,06/08/2022,1,,64,22/06/2022,F,16:55,69,,03/08/2022,E,12:53,153,,,,,,,Flight,G
xBG,9,M,B,,5.65,03/06/2022,02/08/2022,06/08/2022,1,,64,22/06/2022,A,12:11,68,,02/08/2022,C,09:50,150,,,,,,,Flight,G
xBD,8,M,B,,5.076666667,03/06/2022,02/08/2022,06/08/2022,1,,64,22/06/2022,F,12:11,68,,04/08/2022,D,08:30,154,,,,,,,Flight,G
xBE,10,F,A,,4.95,03/06/2022,02/08/2022,06/08/2022,1,,64,21/06/2022,A,16:25,66,,,,,,,,,,,,Flight,G
xBJ,11,M,B,,5.193333333,03/06/2022,02/08/2022,06/08/2022,1,,64,19/06/2022,F,14:45,62,,03/08/2022,B,08:34,152,,,,,,,Flight,G
xBJ,2,F,A,,4.26,03/06/2022,02/08/2022,06/08/2022,1,,64,14/06/2022,A,11:25,56,,03/08/2022,G,08:34,152,,,,,,,Flight,G
xAG,5,M,A,,4.16,25/03/2022,24/05/2022,28/05/2022,1,,64,08/04/2022,F,14:28,52,,28/05/2022,A,10:24,137,,,,,,,Flight,F
xC,3,M,A,0.1277,4.85,28/02/2022,01/05/2022,03/05/2022,1,,64,19/03/2022,D,13:50,21,,,,,,,,,,,,Flight,B
xE,6,F,B,0.2448,5.666666667,28/02/2022,01/05/2022,03/05/2022,1,,64,16/03/2022,F,10:11,15,,,,,,,,,,,,Flight,B
D1AD,13,F,B,0.2369,5.576666667,21/02/2022,24/04/2022,26/04/2022,1,,64,11/03/2022,D,14:30,9,,26/04/2022,E,10:00,104,,,,,,,Flight,A
D1AD,14,M,B,0.2012,5.29,21/02/2022,24/04/2022,26/04/2022,1,,64,11/03/2022,A,14:30,9,,,,,,,,,,,,Flight,A
xAX,19,M,B,,5.526666667,03/06/2022,02/08/2022,06/08/2022,1,,64,,,,,,,,,,,,,,,,Waiting,G
xBC,10,F,B,,5.463333333,03/06/2022,02/08/2022,06/08/2022,1,,64,,,,,,,,,,,,,,,,Waiting,G
xBI,18,F,B,,5.183333333,03/06/2022,02/08/2022,06/08/2022,1,,64,,,,,,,,,,,,,,,,Waiting,G
xBD,9,F,B,,4.95,03/06/2022,02/08/2022,06/08/2022,1,,64,,,,,,,,,,,,,,,,Waiting,G
xAY,2,M,A,,4.203333333,03/06/2022,02/08/2022,06/08/2022,1,,64,,,,,,,,,,,,,,,,Waiting,G
xAI,1,F,A,,4.243333333,25/03/2022,24/05/2022,27/05/2022,1,,63,09/04/2022,A,12:50,53,,,,,,,,,,,,Flight,F
xX,7,F,A,,5.216666667,15/03/2022,14/05/2022,17/05/2022,1,,63,02/04/2022,A,14:05,45,,,,,,,,,,,,Flight,E
xAC,11,F,A,,4.723333333,15/03/2022,14/05/2022,17/05/2022,1,,63,02/04/2022,D,09:30,44,,,,,,,,,,,,Flight,E
xAA,8,F,B,,5.406666667,15/03/2022,14/05/2022,17/05/2022,1,,63,30/03/2022,E,13:21,39,SHORT,14/05/2022,G,14:20,128,,,,,,,Flight,E
xP,5,F,B,0.2208,5.096666667,06/03/2022,07/05/2022,08/05/2022,1,,63,23/03/2022,E,13:25,28,,08/05/2022,A,13:00,121,DEAD,,,,,,Flight,C
xAF,5,F,A,,4.72,15/03/2022,14/05/2022,17/05/2022,1,,63,,,,,,,,,,,,,,,,Waiting,E
D1AF,6,F,B,0.1736,5.203333333,21/02/2022,20/04/2022,24/04/2022,1,,62,10/03/2022,C,09:25,6B,,24/04/2022,G,11:20,103,DEAD,,,,,,Flight,A
D1AC,10,F,B,0.1575,5.033333333,21/02/2022,20/04/2022,24/04/2022,1,,62,10/03/2022,E,09:25,6B,,,,,,,,,,,,Flight,A
xBE,6,F,B,,5.403333333,03/06/2022,02/08/2022,04/08/2022,1,,62,21/06/2022,B,16:25,66,,,,,,,,,,,,Flight,G
xAK,16,F,B,,5.436666667,27/03/2022,24/05/2022,28/05/2022,1,,62,08/04/2022,B,14:28,52,,27/05/2022,E,12:44,136,,,,,,,Flight,F
xAI,16,M,B,,5.35,27/03/2022,24/05/2022,28/05/2022,1,,62,07/04/2022,C,09:43,50,,,,,,,,,,,,Flight,F
xAH,16,M,B,,4.463333333,27/03/2022,24/05/2022,28/05/2022,1,,62,05/04/2022,A,14:25,48,,26/05/2022,G,09:43,135,,,,,,,Flight,F
xL,2,F,B,0.1863,5.05,06/03/2022,04/05/2022,07/05/2022,1,,62,25/03/2022,B,10:20,31,,,,,,,,,,,,Flight,C
xA,8,M,A,0.2105,5.573333333,28/02/2022,27/04/2022,01/05/2022,1,,62,19/03/2022,B,13:50,21,,30/04/2022,C,16:05,109,,,,,,,Flight,B
xA,3,F,B,0.2144,5.31,28/02/2022,27/04/2022,01/05/2022,1,,62,19/03/2022,F,09:17,20,,,,,,,,,,,,Flight,B
xA,13,F,A,0.1971,5.233333333,28/02/2022,27/04/2022,01/05/2022,1,,62,19/03/2022,E,09:17,20,,,,,,,,,,,,Flight,B
xF,7,F,B,0.1758,5.06,28/02/2022,27/04/2022,01/05/2022,1,,62,18/03/2022,B,14:10,19,,29/04/2022,C,10:03,106,,,,,,,Flight,B
xH,12,F,B,0.1294,4.613333333,28/02/2022,27/04/2022,01/05/2022,1,,62,12/03/2022,B,08:38,10,,,,,,,,,,,,Flight,B
D1AC,8,F,B,0.01103,4.683333333,21/02/2022,20/04/2022,24/04/2022,1,,62,07/03/2022,A,08:30,3,,,,,,,,,,,,Flight,A
D1AF,4,F,B,0.1261,4.91,21/02/2022,20/04/2022,24/04/2022,1,,62,05/03/2022,A,16:40,2,,,,,,,,,,,,Flight,A
xA,7,M,B,0.2889,5.963333333,28/02/2022,27/04/2022,01/05/2022,1,,62,,,,,,,,,,,,,,,,Waiting,B
xAJ,12,F,B,,5.29,27/03/2022,24/05/2022,28/05/2022,1,,62,,,,,,,,,,,,,,,,Waiting,F
xAH,11,F,B,,5.23,27/03/2022,24/05/2022,28/05/2022,1,,62,,,,,,,,,,,,,,,,Waiting,F
xBC,3,M,A,,3.87,02/06/2022,31/07/2022,02/08/2022,1,,61,21/06/2022,B,07:25,64,,,,,,,,,,,,Flight,G
xBH,2,M,A,,3.916666667,02/06/2022,31/07/2022,02/08/2022,1,,61,15/06/2022,D,15:35,58,,,,,,,,,,,,Flight,G
D1AB,11,F,B,0.2693,5.443333333,21/02/2022,20/04/2022,23/04/2022,1,,61,11/03/2022,C,14:30,9,,,,,,,,,,,,Flight,A
D1AE,15,F,B,0.2895,5.69,21/02/2022,20/04/2022,23/04/2022,1,,61,10/03/2022,G,14:05,7,,,,,,,,,,,,Flight,A
D1AE,10,F,B,0.2614,5.626666667,21/02/2022,20/04/2022,23/04/2022,1,,61,09/03/2022,B,13:25,6,,23/04/2022,D,11:47,102,DEAD,,,,,,Flight,A
D1AA,6,F,B,0.1434,4.75,21/02/2022,20/04/2022,23/04/2022,1,,61,05/03/2022,A,12:15,1,,,,,,,,,,,,Flight,A
xBG,6,F,A,,4.17,02/06/2022,31/07/2022,02/08/2022,1,,61,,,,,,,,,,,,,,,,Waiting,G
xAJ,1,M,A,,4.116666667,25/03/2022,21/05/2022,25/05/2022,1,,61,,,,,,,,,,,,,,,,Waiting,F
xBE,7,M,B,,5.266666667,03/06/2022,31/07/2022,02/08/2022,1,,60,20/06/2022,B,10:00,63,,,,,,,,,,,,Flight,G
xBF,12,F,B,,5.246666667,03/06/2022,31/07/2022,02/08/2022,1,,60,15/06/2022,E,15:35,58,,,,,,,,,,,,Flight,G
xBE,3,F,B,,4.84,03/06/2022,31/07/2022,02/08/2022,1,,60,15/06/2022,B,09:53,57,,,,,,,,,,,,Flight,G
xAC,13,F,A,,4.913333333,15/03/2022,10/05/2022,14/05/2022,1,,60,02/04/2022,B,09:30,44,,,,,,,,,,,,Flight,E
xAD,4,F,A,,4.8,15/03/2022,10/05/2022,14/05/2022,1,,60,30/03/2022,A,13:21,39,SHORT,,,,,,,,,,,Flight,E
xC,4,F,A,0.1469,5.213333333,28/02/2022,27/04/2022,29/04/2022,1,,60,10/03/2022,C,14:05,7,,29/04/2022,A,10:03,106,DEAD,,,,,,Flight,B
xAD,11,F,B,,5.423333333,15/03/2022,10/05/2022,14/05/2022,1,,60,,,,,,,,,,,,,,,,Waiting,E
xBD,10,F,B,,5.053333333,03/06/2022,31/07/2022,02/08/2022,1,,60,,,,,,,,,,,,,,,,Waiting,G
xBI,7,M,A,,4.306666667,02/06/2022,27/07/2022,31/07/2022,1,,59,21/06/2022,G,16:25,66,,,,,,,,,,,,Flight,G
xBC,1,M,A,,3.763333333,02/06/2022,27/07/2022,31/07/2022,1,,59,21/06/2022,A,07:25,64,,,,,,,,,,,,Flight,G
xAW,4,M,B,,5.343333333,02/06/2022,27/07/2022,31/07/2022,1,,59,17/06/2022,B,10:36,59,,,,,,,,,,,,Flight,G
xAW,13,F,A,,4.13,02/06/2022,27/07/2022,31/07/2022,1,,59,12/06/2022,A,13:57,55,,,,,,,,,,,,Flight,G
xAG,14,M,B,,5.803333333,27/03/2022,21/05/2022,25/05/2022,1,,59,09/04/2022,B,12:50,53,,,,,,,,,,,,Flight,F
xAI,11,M,B,,5.263333333,27/03/2022,21/05/2022,25/05/2022,1,,59,08/04/2022,A,09:40,51,,28/05/2022,C,10:24,137,,,,,,,Flight,F
xAI,18,M,B,,5.23,27/03/2022,21/05/2022,25/05/2022,1,,59,07/04/2022,A,09:43,50,,,,,,,,,,,,Flight,F
xK,14,F,B,0.2187,5.33,06/03/2022,01/05/2022,04/05/2022,1,,59,22/03/2022,C,09:04,24,,,,,,,,,,,,Flight,C
xBK,12,F,A,,5.533333333,02/06/2022,27/07/2022,31/07/2022,1,,59,,,,,,,,,,,,,,,,Waiting,G
xAW,6,M,B,,5.303333333,02/06/2022,27/07/2022,31/07/2022,1,,59,,,,,,,,,,,,,,,,Waiting,G
xT,1,M,B,,5.176666667,09/03/2022,04/05/2022,07/05/2022,1,,59,,,,,,,,,,,,,,,,Waiting,D
xAI,14,M,B,,5.143333333,27/03/2022,21/05/2022,25/05/2022,1,,59,,,,,,,,,,,,,,,,Waiting,F
xQ,2,F,B,,4.95,09/03/2022,04/05/2022,07/05/2022,1,,59,,,,,,,,,,,,,,,,Waiting,D
xBA,6,F,A,,3.886666667,02/06/2022,27/07/2022,31/07/2022,1,,59,,,,,,,,,,,,,,,,Waiting,G
xBI,15,M,B,,5.653333333,03/06/2022,27/07/2022,31/07/2022,1,,58,22/06/2022,C,16:55,69,,,,,,,,,,,,Flight,G
xBI,13,M,B,,5.226666667,03/06/2022,27/07/2022,31/07/2022,1,,58,22/06/2022,D,16:55,69,,,,,,,,,,,,Flight,G
xBB,8,M,B,,5.506666667,03/06/2022,27/07/2022,31/07/2022,1,,58,22/06/2022,C,07:27,67,,,,,,,,,,,,Flight,G
xBA,7,F,B,,4.866666667,03/06/2022,27/07/2022,31/07/2022,1,,58,22/06/2022,F,07:27,67,,,,,,,,,,,,Flight,G
xBH,10,M,B,,5.006666667,03/06/2022,27/07/2022,31/07/2022,1,,58,17/06/2022,E,15:55,60,,,,,,,,,,,,Flight,G
xAZ,5,F,B,,#DIV/0!,03/06/2022,27/07/2022,31/07/2022,1,,58,17/06/2022,D,10:36,59,,,,,,,,,,,,Flight,G
xBC,8,F,B,,5.353333333,03/06/2022,27/07/2022,31/07/2022,1,,58,17/06/2022,G,10:36,59,,,,,,,,,,,,Flight,G
xBJ,12,F,B,,3.916666667,03/06/2022,27/07/2022,31/07/2022,1,,58,14/06/2022,D,11:25,56,,,,,,,,,,,,Flight,G
xW,7,F,B,,5.386666667,17/03/2022,10/05/2022,14/05/2022,1,,58,01/04/2022,E,08:50,42,,,,,,,,,,,,Flight,E
D1AE,9,F,B,0.2132,5.513333333,21/02/2022,17/04/2022,20/04/2022,1,,58,11/03/2022,A,09:12,8,,,,,,,,,,,,Flight,A
xBB,11,F,B,,5.573333333,03/06/2022,27/07/2022,31/07/2022,1,,58,,,,,,,,,,,,,,,,Waiting,G
D1AF,5,F,B,0.2238,5.57,21/02/2022,17/04/2022,20/04/2022,1,,58,,,,,,,,,,,,,,,,Waiting,A
xBE,2,F,B,,5.406666667,03/06/2022,27/07/2022,31/07/2022,1,,58,,,,,,,,,,,,,,,,Waiting,G
xBI,10,F,B,,5.246666667,03/06/2022,27/07/2022,31/07/2022,1,,58,,,,,,,,,,,,,,,,Waiting,G
xBE,5,F,B,,5.086666667,03/06/2022,27/07/2022,31/07/2022,1,,58,,,,,,,,,,,,,,,,Waiting,G
xBJ,8,F,B,,4.823333333,03/06/2022,27/07/2022,31/07/2022,1,,58,,,,,,,,,,,,,,,,Waiting,G
xAG,2,F,A,,4.24,25/03/2022,17/05/2022,21/05/2022,1,,57,06/04/2022,D,09:40,49,,,,,,,,,,,,Flight,F
xAE,2,F,B,,5.336666667,15/03/2022,07/05/2022,11/05/2022,1,,57,02/04/2022,B,14:05,45,,,,,,,,,,,,Flight,E
xAC,12,M,A,,4.84,15/03/2022,07/05/2022,11/05/2022,1,,57,02/04/2022,C,09:30,44,,,,,,,,,,,,Flight,E
xAB,1,F,A,,5.1,15/03/2022,07/05/2022,11/05/2022,1,,57,31/03/2022,D,16:11,41,,,,,,,,,,,,Flight,E
xZ,3,F,B,,5.19,15/03/2022,07/05/2022,11/05/2022,1,,57,29/03/2022,C,09:30,36,,,,,,,,,,,,Flight,E
xAE,13,M,A,,5.003333333,15/03/2022,07/05/2022,11/05/2022,1,,57,,,,,,,,,,,,,,,,Waiting,E
xAH,6,F,A,,4.38,25/03/2022,17/05/2022,21/05/2022,1,,57,,,,,,,,,,,,,,,,Waiting,F
xAK,6,F,A,,4.02,25/03/2022,17/05/2022,21/05/2022,1,,57,,,,,,,,,,,,,,,,Waiting,F
xN,11,F,A,0.1429,4.223333333,06/03/2022,27/04/2022,01/05/2022,1,,56,24/03/2022,D,14:16,30,,,,,,,,,,,,Flight,C
xQ,11,M,A,,4.506666667,09/03/2022,01/05/2022,04/05/2022,1,,56,,,,,,,,,,,,,,,,Waiting,D
xR,9,F,A,,3.926666667,09/03/2022,01/05/2022,04/05/2022,1,,56,,,,,,,,,,,,,,,,Waiting,D
xT,14,M,A,,3.853333333,09/03/2022,01/05/2022,04/05/2022,1,,56,,,,,,,,,,,,,,,,Waiting,D
xBG,7,M,A,,4.16,02/06/2022,24/07/2022,27/07/2022,1,,55,21/06/2022,A,11:49,65,,,,,,,,,,,,Flight,G
xAW,8,M,A,,4.163333333,02/06/2022,24/07/2022,27/07/2022,1,,55,20/06/2022,C,10:00,63,,,,,,,,,,,,Flight,G
xAW,5,F,B,,5.316666667,02/06/2022,24/07/2022,27/07/2022,1,,55,12/06/2022,B,13:57,55,,,,,,,,,,,,Flight,G
xAK,17,M,B,,5.446666667,27/03/2022,17/05/2022,21/05/2022,1,,55,08/04/2022,A,14:28,52,,,,,,,,,,,,Flight,F
xAF,9,M,B,,5.356666667,17/03/2022,07/05/2022,11/05/2022,1,,55,01/04/2022,G,13:30,43,,,,,,,,,,,,Flight,E
xAF,6,F,B,,5.06,17/03/2022,07/05/2022,11/05/2022,1,,55,01/04/2022,B,08:50,42,,,,,,,,,,,,Flight,E
xH,8,F,B,0.1646,5.226666667,28/02/2022,20/04/2022,24/04/2022,1,,55,12/03/2022,E,13:15,11,SHORT,,,,,,,,,,,Flight,B
D1AD,9,F,B,0.2452,5.653333333,21/02/2022,13/04/2022,17/04/2022,1,,55,07/03/2022,E,12:53,4,,,,,,,,,,,,Flight,A
xA,11,F,A,0.1558,5.02,28/02/2022,20/04/2022,24/04/2022,1,,55,,,,,,,,,,,,,,,,Waiting,B
xBI,11,M,B,,4.923333333,03/06/2022,24/07/2022,27/07/2022,1,,54,22/06/2022,E,16:55,69,,,,,,,,,,,,Flight,G
xBH,15,F,B,,5.09,03/06/2022,24/07/2022,27/07/2022,1,,54,22/06/2022,E,12:11,68,,,,,,,,,,,,Flight,G
xAX,17,M,B,,5.34,03/06/2022,24/07/2022,27/07/2022,1,,54,21/06/2022,C,16:25,66,,,,,,,,,,,,Flight,G
xBJ,10,F,B,,5.263333333,03/06/2022,24/07/2022,27/07/2022,1,,54,21/06/2022,G,11:49,65,,,,,,,,,,,,Flight,G
xAY,6,F,B,,5.063333333,03/06/2022,24/07/2022,27/07/2022,1,,54,17/06/2022,E,10:36,59,,,,,,,,,,,,Flight,G
xBB,9,F,B,,5.353333333,03/06/2022,24/07/2022,27/07/2022,1,,54,15/06/2022,B,15:35,58,,,,,,,,,,,,Flight,G
xBB,7,F,B,,5.24,03/06/2022,24/07/2022,27/07/2022,1,,54,15/06/2022,F,09:53,57,,,,,,,,,,,,Flight,G
xBJ,1,M,A,,4.66,03/06/2022,24/07/2022,27/07/2022,1,,54,14/06/2022,B,11:25,56,,,,,,,,,,,,Flight,G
D1AA,2,F,A,0.0711,3.99,18/02/2022,10/04/2022,13/04/2022,1,,54,05/03/2022,E,12:15,1,,,,,,,,,,,,Flight,A
xBG,16,M,B,,5.373333333,03/06/2022,24/07/2022,27/07/2022,1,,54,,,,,,,,,,,,,,,,Waiting,G
xBI,17,M,B,,5.326666667,03/06/2022,24/07/2022,27/07/2022,1,,54,,,,,,,,,,,,,,,,Waiting,G
xBH,12,M,B,,5.176666667,03/06/2022,24/07/2022,27/07/2022,1,,54,,,,,,,,,,,,,,,,Waiting,G
xBI,14,F,B,,5.11,03/06/2022,24/07/2022,27/07/2022,1,,54,,,,,,,,,,,,,,,,Waiting,G
xAZ,6,F,B,,4.896666667,03/06/2022,24/07/2022,27/07/2022,1,,54,,,,,,,,,,,,,,,,Waiting,G
xAY,5,F,B,,4.736666667,03/06/2022,24/07/2022,27/07/2022,1,,54,,,,,,,,,,,,,,,,Waiting,G
D1AA,3,F,A,0.0545,3.786666667,18/02/2022,10/04/2022,13/04/2022,1,MALFORMED,54,,,,,,,,,,,,,,,,Waiting,A
xAF,3,F,A,,4.77,15/03/2022,04/05/2022,07/05/2022,1,,53,01/04/2022,B,13:30,43,,,,,,,,,,,,Flight,E
xR,5,F,B,,4.866666667,09/03/2022,27/04/2022,01/05/2022,1,,53,23/03/2022,D,13:25,28,STUCK,,,,,,,,,,,Flight,D
xAC,5,M,B,,5.593333333,15/03/2022,04/05/2022,07/05/2022,1,,53,,,,,,,,,,,,,,,,Waiting,E
xV,13,M,B,,5.486666667,15/03/2022,04/05/2022,07/05/2022,1,,53,,,,,,,,,,,,,,,,Waiting,E
xQ,4,F,B,,5.173333333,09/03/2022,27/04/2022,01/05/2022,1,,53,,,,,,,,,,,,,,,,Waiting,D
xAA,9,F,B,,5.12,15/03/2022,04/05/2022,07/05/2022,1,,53,,,,,,,,,,,,,,,,Waiting,E
xQ,6,F,B,,5.08,09/03/2022,27/04/2022,01/05/2022,1,,53,,,,,,,,,,,,,,,,Waiting,D
xQ,8,F,B,,4.846666667,09/03/2022,27/04/2022,01/05/2022,1,,53,,,,,,,,,,,,,,,,Waiting,D
xAA,5,M,A,,4.313333333,15/03/2022,04/05/2022,07/05/2022,1,,53,,,,,,,,,,,,,,,,Waiting,E
xP,4,M,B,0.2187,5.226666667,06/03/2022,24/04/2022,27/04/2022,1,,52,22/03/2022,F,13:25,26,UNSUCCESSFUL,,,,,,,,,,,Flight,C
xBG,14,F,B,,5.713333333,03/06/2022,20/07/2022,24/07/2022,1,,51,22/06/2022,A,07:27,67,,,,,,,,,,,,Flight,G
xBD,7,F,B,,5.17,03/06/2022,20/07/2022,24/07/2022,1,,51,21/06/2022,E,16:25,66,,,,,,,,,,,,Flight,G
xAZ,4,F,B,,5.243333333,03/06/2022,20/07/2022,24/07/2022,1,,51,18/06/2022,B,10:13,61,,,,,,,,,,,,Flight,G
xBF,14,F,B,,5.123333333,03/06/2022,20/07/2022,24/07/2022,1,,51,18/06/2022,E,10:13,61,,,,,,,,,,,,Flight,G
xBJ,7,M,B,,4.686666667,03/06/2022,20/07/2022,24/07/2022,1,,51,18/06/2022,A,10:13,61,,,,,,,,,,,,Flight,G
xBF,11,M,B,,5.003333333,03/06/2022,20/07/2022,24/07/2022,1,,51,15/06/2022,A,09:53,57,,,,,,,,,,,,Flight,G
xAI,10,M,B,,4.74,27/03/2022,14/05/2022,17/05/2022,1,,51,07/04/2022,D,09:43,50,,,,,,,,,,,,Flight,F
D1AE,18,F,B,0.2711,5.813333333,21/02/2022,10/04/2022,13/04/2022,1,,51,11/03/2022,B,09:12,8,,,,,,,,,,,,Flight,A
D1AD,5,M,A,0.0805,3.856666667,18/02/2022,06/04/2022,10/04/2022,1,,51,07/03/2022,D,12:53,4,,,,,,,,,,,,Flight,A
xAX,18,M,B,,5.543333333,03/06/2022,20/07/2022,24/07/2022,1,,51,,,,,,,,,,,,,,,,Waiting,G
xW,8,M,B,,5.44,17/03/2022,04/05/2022,07/05/2022,1,,51,,,,,,,,,,,,,,,,Waiting,E
xAZ,1,F,B,,5.336666667,03/06/2022,20/07/2022,24/07/2022,1,,51,,,,,,,,,,,,,,,,Waiting,G
xAF,10,F,B,,5.32,17/03/2022,04/05/2022,07/05/2022,1,,51,,,,,,,,,,,,,,,,Waiting,E
xBB,5,F,B,,5.243333333,03/06/2022,20/07/2022,24/07/2022,1,,51,,,,,,,,,,,,,,,,Waiting,G
xAK,10,F,B,,5.173333333,27/03/2022,14/05/2022,17/05/2022,1,,51,,,,,,,,,,,,,,,,Waiting,F
xBE,9,M,A,,4.163333333,03/06/2022,20/07/2022,24/07/2022,1,,51,,,,,,,,,,,,,,,,Waiting,G
xAD,9,F,B,,5.526666667,15/03/2022,01/05/2022,04/05/2022,1,,50,31/03/2022,E,16:11,41,,,,,,,,,,,,Flight,E
xAA,2,M,A,,4.476666667,15/03/2022,01/05/2022,04/05/2022,1,,50,30/03/2022,C,13:21,39,SHORT,,,,,,,,,,,Flight,E
xAE,1,M,B,,5.37,15/03/2022,01/05/2022,04/05/2022,1,,50,30/03/2022,A,08:50,37b,,,,,,,,,,,,Flight,E
xV,9,M,B,,5.693333333,15/03/2022,01/05/2022,04/05/2022,1,,50,27/03/2022,B,08:44,35,,,,,,,,,,,,Flight,E
xV,6,M,A,,5.486666667,15/03/2022,01/05/2022,04/05/2022,1,,50,27/03/2022,E,08:44,35,,,,,,,,,,,,Flight,E
xX,4,M,A,,4.876666667,15/03/2022,01/05/2022,04/05/2022,1,,50,26/03/2022,E,09:02,33,,,,,,,,,,,,Flight,E
xAC,6,F,B,,5.553333333,15/03/2022,01/05/2022,04/05/2022,1,,50,,,,,,,,,,,,,,,,Waiting,E
xAE,5,M,B,,5.35,15/03/2022,01/05/2022,04/05/2022,1,,50,,,,,,,,,,,,,,,,Waiting,E
xAE,6,F,B,,5.243333333,15/03/2022,01/05/2022,04/05/2022,1,,50,,,,,,,,,,,,,,,,Waiting,E
xT,12,M,A,,3.59,09/03/2022,24/04/2022,27/04/2022,1,,49,29/03/2022,E,14:15,37,,,,,,,,,,,,Flight,D
xT,6,F,B,,4.94,09/03/2022,24/04/2022,27/04/2022,1,,49,22/03/2022,B,13:25,26,,,,,,,,,,,,Flight,D
xO,5,F,B,0.1784,5.043333333,06/03/2022,20/04/2022,24/04/2022,1,,49,22/03/2022,E,09:04,24,,,,,,,,,,,,Flight,C
xS,13,M,B,,4.85,09/03/2022,24/04/2022,27/04/2022,1,,49,,,,,,,,,,,,,,,,Waiting,D
xBC,4,F,A,,3.803333333,02/06/2022,17/07/2022,20/07/2022,1,,48,12/06/2022,B,09:20,54,,,,,,,,,,,,Flight,G
xAB,6,F,B,,5.546666667,17/03/2022,01/05/2022,04/05/2022,1,,48,31/03/2022,A,11:30,40,,,,,,,,,,,,Flight,E
xJ,14,M,B,0.2121,5.366666667,06/03/2022,20/04/2022,23/04/2022,0,,48,19/03/2022,A,13:50,21,,05/05/2022,G,12:47,116,,,,,,,Flight,C
xD,3,M,B,0.2192,5.306666667,28/02/2022,13/04/2022,17/04/2022,1,,48,18/03/2022,A,09:12,18,,,,,,,,,,,,Flight,B
xB,2,F,B,0.2419,5.503333333,28/02/2022,13/04/2022,17/04/2022,1,,48,17/03/2022,E,14:48,17,,,,,,,,,,,,Flight,B
xI,14,M,B,0.2314,5.59,06/03/2022,20/04/2022,23/04/2022,0,,48,16/03/2022,A,10:11,15,,,,,,,,,,,,Flight,C
D1AC,6,M,B,0.2571,5.933333333,21/02/2022,06/04/2022,10/04/2022,1,,48,07/03/2022,D,08:30,3,,,,,,,,,,,,Flight,A
xAW,3,M,B,,5.2,02/06/2022,17/07/2022,20/07/2022,1,,48,,,,,,,,,,,,,,,,Waiting,G
xAF,12,F,B,,5.13,17/03/2022,01/05/2022,04/05/2022,1,,48,,,,,,,,,,,,,,,,Waiting,E
xAX,5,M,A,,4.21,02/06/2022,17/07/2022,20/07/2022,1,,48,,,,,,,,,,,,,,,,Waiting,G
xBC,12,F,B,,5.52,03/06/2022,17/07/2022,20/07/2022,1,,47,22/06/2022,E,07:27,67,,,,,,,,,,,,Flight,G
xBH,16,M,B,,5.09,03/06/2022,17/07/2022,20/07/2022,1,,47,21/06/2022,F,16:25,66,,,,,,,,,,,,Flight,G
xAY,4,F,B,,4.913333333,03/06/2022,17/07/2022,20/07/2022,1,,47,18/06/2022,D,10:13,61,,,,,,,,,,,,Flight,G
xW,1,M,A,,5.026666667,15/03/2022,27/04/2022,01/05/2022,1,,47,01/04/2022,D,08:50,42,,,,,,,,,,,,Flight,E
xY,2,F,A,,4.876666667,15/03/2022,27/04/2022,01/05/2022,1,,47,31/03/2022,C,11:30,40,,,,,,,,,,,,Flight,E
xW,3,M,A,,5.136666667,15/03/2022,27/04/2022,01/05/2022,1,,47,30/03/2022,F,13:21,39,SHORT,,,,,,,,,,,Flight,E
xZ,4,F,B,,5.35,15/03/2022,27/04/2022,01/05/2022,1,,47,29/03/2022,D,09:30,36,,,,,,,,,,,,Flight,E
xV,10,F,B,,5.613333333,15/03/2022,27/04/2022,01/05/2022,1,,47,27/03/2022,A,08:44,35,,,,,,,,,,,,Flight,E
xX,1,M,B,,5.253333333,15/03/2022,27/04/2022,01/05/2022,1,,47,26/03/2022,A,13:36,34,,,,,,,,,,,,Flight,E
D1AE,5,F,A,0.1476,4.906666667,18/02/2022,03/04/2022,06/04/2022,0,,47,09/03/2022,C,13:25,6,,,,,,,,,,,,Flight,A
xBG,15,M,B,,5.71,03/06/2022,17/07/2022,20/07/2022,1,,47,,,,,,,,,,,,,,,,Waiting,G
xAC,7,F,B,,5.39,15/03/2022,27/04/2022,01/05/2022,1,,47,,,,,,,,,,,,,,,,Waiting,E
xBH,9,M,B,,5.21,03/06/2022,17/07/2022,20/07/2022,1,,47,,,,,,,,,,,,,,,,Waiting,G
xAB,5,F,A,,5.096666667,15/03/2022,27/04/2022,01/05/2022,1,,47,,,,,,,,,,,,,,,,Waiting,E
xBD,5,M,B,,5.06,03/06/2022,17/07/2022,20/07/2022,1,,47,,,,,,,,,,,,,,,,Waiting,G
xQ,9,M,B,,5.103333333,09/03/2022,20/04/2022,24/04/2022,1,,46,26/03/2022,G,13:36,34,,,,,,,,,,,,Flight,D
xQ,13,F,A,,4.04,09/03/2022,20/04/2022,24/04/2022,1,,46,,,,,,,,,,,,,,,,Waiting,D
xQ,17,F,A,,3.576666667,09/03/2022,20/04/2022,24/04/2022,1,,46,,,,,,,,,,,,,,,,Waiting,D
xBF,3,F,A,,4.073333333,02/06/2022,13/07/2022,17/07/2022,1,,45,17/06/2022,G,15:55,60,,06/08/2022,C,10:53,155,,,,,,,Flight,G
xW,9,M,B,,5.74,17/03/2022,27/04/2022,01/05/2022,1,,45,,,,,,,,,,,,,,,,Waiting,E
xAB,10,F,B,,5.563333333,17/03/2022,27/04/2022,01/05/2022,1,,45,,,,,,,,,,,,,,,,Waiting,E
xAX,16,M,B,,5.473333333,03/06/2022,13/07/2022,17/07/2022,1,,44,22/06/2022,G,07:27,67,,,,,,,,,,,,Flight,G
xBC,9,M,B,,5.36,03/06/2022,13/07/2022,17/07/2022,1,,44,22/06/2022,D,07:27,67,,,,,,,,,,,,Flight,G
xAX,10,M,B,,5.3,03/06/2022,13/07/2022,17/07/2022,1,,44,15/06/2022,F,15:35,58,,,,,,,,,,,,Flight,G
xAX,15,M,B,,5.383333333,03/06/2022,13/07/2022,17/07/2022,1,,44,,,,,,,,,,,,,,,,Waiting,G
xBJ,9,M,B,,5.06,03/06/2022,13/07/2022,17/07/2022,1,,44,,,,,,,,,,,,,,,,Waiting,G
xBF,15,F,B,,5.026666667,03/06/2022,13/07/2022,17/07/2022,1,,44,,,,,,,,,,,,,,,,Waiting,G
xBH,13,F,B,,4.806666667,03/06/2022,13/07/2022,17/07/2022,1,,44,,,,,,,,,,,,,,,,Waiting,G
xBC,7,M,B,,4.596666667,03/06/2022,13/07/2022,17/07/2022,1,,44,,,,,,,,,,,,,,,,Waiting,G
xAC,4,F,B,,5.13,15/03/2022,24/04/2022,27/04/2022,1,,43,02/04/2022,E,09:30,44,,,,,,,,,,,,Flight,E
xAD,8,F,B,,5.593333333,15/03/2022,24/04/2022,27/04/2022,1,,43,31/03/2022,F,16:11,41,,,,,,,,,,,,Flight,E
xAA,4,M,A,,4.503333333,15/03/2022,24/04/2022,27/04/2022,1,,43,,,,,,,,,,,,,,,,Waiting,E
xAI,9,F,A,,4.286666667,25/03/2022,04/05/2022,07/05/2022,1,,43,,,,,,,,,,,,,,,,Waiting,F
xAX,14,M,B,,5.46,03/06/2022,09/07/2022,13/07/2022,1,,40,22/06/2022,B,07:27,67,,,,,,,,,,,,Flight,G
xBE,4,M,B,,4.936666667,03/06/2022,09/07/2022,13/07/2022,1,,40,15/06/2022,C,09:53,57,,,,,,,,,,,,Flight,G
xV,8,F,B,,5.646666667,15/03/2022,20/04/2022,24/04/2022,1,,40,27/03/2022,C,08:44,35,,,,,,,,,,,,Flight,E
xAX,12,M,B,,5.51,03/06/2022,09/07/2022,13/07/2022,1,,40,,,,,,,,,,,,,,,,Waiting,G
xAE,11,M,A,,4.973333333,15/03/2022,20/04/2022,24/04/2022,1,,40,,,,,,,,,,,,,,,,Waiting,E
xAC,10,M,A,,4.856666667,15/03/2022,20/04/2022,24/04/2022,1,,40,,,,,,,,,,,,,,,,Waiting,E
xS,8,F,B,,4.716666667,09/03/2022,13/04/2022,17/04/2022,1,,39,,,,,,,,,,,,,,,,Waiting,D
xD,6,F,B,0.2202,5.356666667,28/02/2022,04/04/2022,05/04/2022,0,,36,18/03/2022,D,14:10,19,,04/05/2022,D,15:47,115,,,,,,,Flight,B
D1AD,12,M,B,0.1762,5.24,21/02/2022,27/03/2022,29/03/2022,1,,36,13/03/2022,A,14:09,13,,,,,,,,,,,,Flight,A
xAE,7,M,B,,5.426666667,15/03/2022,17/04/2022,20/04/2022,1,,36,,,,,,,,,,,,,,,,Waiting,E
xAX,11,M,B,,5.13,03/06/2022,06/07/2022,09/07/2022,1,,36,,,,,,,,,,,,,,,,Waiting,G
D1AE,8,M,B,0.2763,5.94,21/02/2022,23/03/2022,27/03/2022,1,MALFORMED,34,,,,,,,,,,,,,,,,Waiting,A
D1AE,11,F,B,0.2229,5.583333333,21/02/2022,23/03/2022,27/03/2022,1,MALFORMED,34,,,,,,,,,,,,,,,,Waiting,A
D1AF,2,M,B,0.225,5.583333333,21/02/2022,23/03/2022,27/03/2022,1,MALFORMED,34,,,,,,,,,,,,,,,,Waiting,A
xAB,12,F,B,,5.583333333,17/03/2022,17/04/2022,20/04/2022,0,,34,,,,,,,,,,,,,,,,Waiting,E
xV,2,M,A,,5.01,15/03/2022,13/04/2022,17/04/2022,0,,33,,,,,,,,,,,,,,,,Waiting,E
xBD,4,M,A,,4.11,02/06/2022,29/06/2022,03/07/2022,1,,31,15/06/2022,G,09:53,57,,,,,,,,,,,,Flight,G
xI,11,M,B,0.1429,4.94,06/03/2022,03/04/2022,06/04/2022,0,,31,17/03/2022,B,09:11,16,,,,,,,,,,,,Flight,C
D1AF,7,F,B,0.2164,#DIV/0!,21/02/2022,19/03/2022,23/03/2022,0,,30,12/03/2022,A,13:15,11,SHORT,,,,,,,,,,,Flight,A
xP,11,F,A,0.0782,3.543333333,06/03/2022,30/03/2022,03/04/2022,0,,28,20/03/2022,C,12:56,23,,,,,,,,,,,,Flight,C
xC,7,M,B,0.172,5.12,28/02/2022,23/03/2022,27/03/2022,1,MALFORMED,27,,,,,,,,,,,,,,,,Waiting,B
xAZ,2,F,B,,5.333333333,03/06/2022,26/06/2022,29/06/2022,1,,26,18/06/2022,G,10:13,61,,,,,,,,,,,,Flight,G
xAB,9,M,B,,5.486666667,17/03/2022,06/03/2022,10/04/2022,0,,24,,,,,,,,,,,,,,,,Waiting,E
xBB,1,M,A,,4.316666667,02/06/2022,21/06/2022,26/06/2022,1,,24,,,,,,,,,,,,,,,,Waiting,G
xJ,6,M,B,0.2705,5.423333333,06/03/2022,23/03/2022,27/03/2022,0,,21,22/03/2022,D,09:04,24,,,,,,,,,,,,Flight,C
xAB,11,M,B,,#DIV/0!,17/03/2022,03/04/2022,07/04/2022,0,,21,,,,,,,,,,,,,,,,Waiting,E
xT,13,M,A,,4.776666667,09/03/2022,26/03/2022,29/03/2022,0,,20,29/03/2022,F,14:15,37,LOST,,,,,,,,,,,Flight,D
D1AE,12,F,B,0.2631,5.513333333,21/02/2022,09/03/2022,13/03/2022,1,,20,07/03/2022,C,12:53,4,,,,,,,,,,,,Flight,A
xAJ,11,M,B,,5.556666667,27/03/2022,10/04/2022,13/04/2022,0,,17,05/04/2022,G,14:25,48,,,,,,,,,,,,Flight,F
xI,9,M,B,0.2179,5.57,06/03/2022,23/03/2022,23/03/2022,0,,17,23/03/2022,G,08:47,27,,,,,,,,,,,,Flight,C
xE,12,F,A,0.1119,#DIV/0!,28/02/2022,13/03/2022,16/03/2022,0,,16,,,,,,,,,,,,,,,,Waiting,B
D1AE,17,F,B,0.2744,5.7,21/02/2022,06/03/2022,09/03/2022,1,,16,,,,,,,,,,,,,,,,Waiting,A
xJ,13,M,B,0.2235,#DIV/0!,06/03/2022,16/03/2022,19/03/2022,0,,13,18/03/2022,B,09:12,18,,,,,,,,,,,,Flight,C
xK,8,M,A,0.1235,#DIV/0!,06/03/2022,16/03/2022,19/03/2022,0,,13,,,,,,,,,,,,,,,,Waiting,C
xBB,2,F,A,,#DIV/0!,02/06/2022,14/06/2022,15/06/2022,0,,13,,,,,,,,,,,,,,,,Flight,G
xH,1,M,A,0.0808,4.103333333,28/02/2022,09/03/2022,13/03/2022,1,,13,,,,,,,,,,,,,,,,Waiting,B
D1AF,3,F,B,0.2122,#DIV/0!,21/02/2022,02/03/2022,05/03/2022,0,,12,10/03/2022,D,09:25,6B,,,,,,,,,,,,Flight,A
xBI,3,M,A,,4.133333333,02/06/2022,11/06/2022,14/06/2022,1,,12,,,,,,,,,,,,,,,,Waiting,G
xAX,2,M,A,,3.796666667,02/06/2022,11/06/2022,14/06/2022,1,,12,,,,,,,,,,,,,,,,Waiting,G
xBC,11,M,B,,4.19,03/06/2022,11/06/2022,14/06/2022,1,,11,,,,,,,,,,,,,,,,Flight,G
xBK,1,,B,,3.803333333,03/06/2022,11/06/2022,14/06/2022,1,,11,,,,,,,,,,,,,,,,Flight,G
xL,5,M,B,0.1569,#DIV/0!,06/03/2022,13/03/2022,16/03/2022,0,,10,,,,,,,,,,,,,,,,Waiting,C
xK,6,F,A,0.1263,4.263333333,06/03/2022,13/03/2022,16/03/2022,1,,10,,,,,,,,,,,,,,,,Waiting,C
xAJ,8,F,B,,5.32,27/03/2022,03/04/2022,05/04/2022,0,,9,05/04/2022,C,11:55,46b,LOST,,,,,,,,,,,Flight,F
xD,16,F,A,0.0536,#DIV/0!,28/02/2022,06/03/2022,09/03/2022,0,,9,,,,,,,,,,,,,,,,Waiting,B
xA,14,M,A,0.1561,4.993333333,28/02/2022,06/03/2022,09/03/2022,1,,9,,,,,,,,,,,,,,,,Waiting,B
D1AC,1,M,A,0.0774,#DIV/0!,18/02/2022,23/02/2022,26/02/2022,1,,8,,,,,,,,,,,,,,,,Waiting,A
xAY,3,M,A,,4.006666667,03/06/2022,08/06/2022,11/06/2022,1,,8,,,,,,,,,,,,,,,,Flight,G
xI,2,F,A,0.0699,4.193333333,06/03/2022,09/03/2022,13/03/2022,1,,7,,,,,,,,,,,,,,,,Waiting,C
D1AB,1,M,A,0.0535,#DIV/0!,18/02/2022,18/02/2022,23/02/2022,1,,5,,,,,,,,,,,,,,,,Waiting,A
D1AB,2,F,A,0.0465,#DIV/0!,18/02/2022,18/02/2022,23/02/2022,1,MALFORMED,5,,,,,,,,,,,,,,,,Waiting,A
D1AC,3,M,A,0.0666,#DIV/0!,18/02/2022,18/02/2022,23/02/2022,1,,5,,,,,,,,,,,,,,,,Waiting,A
D1AC,4,M,A,0.1064,#DIV/0!,18/02/2022,18/02/2022,23/02/2022,1,,5,,,,,,,,,,,,,,,,Waiting,A
D1AD,1,M,A,0.066,#DIV/0!,18/02/2022,18/02/2022,23/02/2022,1,,5,,,,,,,,,,,,,,,,Waiting,A
D1AE,1,M,A,0.0654,#DIV/0!,18/02/2022,18/02/2022,23/02/2022,1,,5,,,,,,,,,,,,,,,,Waiting,A
D1AE,2,F,A,0.0748,#DIV/0!,18/02/2022,18/02/2022,23/02/2022,1,,5,,,,,,,,,,,,,,,,Waiting,A
D1AE,3,F,A,0.0515,#DIV/0!,18/02/2022,18/02/2022,23/02/2022,1,,5,,,,,,,,,,,,,,,,Waiting,A
D1AE,4,M,A,0.0726,#DIV/0!,18/02/2022,18/02/2022,23/02/2022,1,,5,,,,,,,,,,,,,,,,Waiting,A
xAC,8,M,B,,5.386666667,15/03/2022,16/03/2022,19/03/2022,1,MALFORMED,4,,,,,,,,,,,,,,,,Waiting,E
xR,6,M,B,,5.013333333,09/03/2022,09/03/2022,13/03/2022,1,MALFORMED,4,,,,,,,,,,,,,,,,Waiting,D
xAC,9,M,B,,3.65,15/03/2022,16/03/2022,19/03/2022,1,MALFORMED,4,,,,,,,,,,,,,,,,Waiting,E
xX,5,F,A,,#DIV/0!,15/03/2022,,,0,,,,,,,,,,,,,,,,,,Waiting,E
